64, 10, 1.73449
64, 11, 1.7887499999999996
64, 12, 1.83731
64, 13, 1.88214
64, 14, 1.92276
64, 15, 1.95684
64, 16, 1.989
64, 17, 2.0181600000000004
64, 18, 2.0391700000000004
64, 19, 2.06448
64, 20, 2.0849299999999986
64, 21, 2.0985400000000007
64, 22, 2.114399999999999
64, 23, 2.123939999999999
64, 24, 2.1369899999999977
64, 25, 2.14812
64, 26, 2.1634
64, 27, 2.1725299999999987
64, 28, 2.176140000000002
64, 29, 2.1838800000000003
64, 30, 2.1912899999999995
64, 31, 2.1975299999999995
64, 32, 2.2050899999999993
64, 33, 2.2107799999999993
64, 34, 2.2118100000000007
64, 35, 2.2151600000000005
64, 36, 2.2194399999999996
64, 37, 2.220880000000001
64, 38, 2.2240099999999985
64, 39, 2.2268000000000017
64, 40, 2.2251199999999995
64, 41, 2.2254600000000004
64, 42, 2.2257599999999997
64, 43, 2.2265400000000013
64, 44, 2.22598
64, 45, 2.226160000000002
64, 46, 2.2270600000000003
64, 47, 2.229740000000001
64, 48, 2.2333499999999997
64, 49, 2.2319699999999996
64, 50, 2.2287599999999994
64, 51, 2.2370399999999995
64, 52, 2.235789999999999
64, 53, 2.2311099999999993
64, 54, 2.233649999999999
64, 55, 2.23778
64, 56, 2.23559
64, 57, 2.2373799999999995
64, 58, 2.23012
64, 59, 2.2327099999999995
64, 60, 2.235300000000001
64, 61, 2.2332500000000004
64, 62, 2.2332300000000007
64, 63, 2.233989999999998
64, 64, 2.23019
64, 65, 2.2288599999999996
64, 66, 2.230080000000001
64, 67, 2.2345499999999996
64, 68, 2.22932
64, 69, 2.229739999999999
64, 70, 2.2293000000000007
64, 71, 2.2341299999999995
64, 72, 2.232510000000001
64, 73, 2.2347700000000006
64, 74, 2.2332599999999987
64, 75, 2.233599999999998
64, 76, 2.23777
64, 77, 2.238619999999999
64, 78, 2.2354999999999996
64, 79, 2.2332800000000006
64, 80, 2.23022
64, 81, 2.23124
64, 82, 2.2375899999999995
64, 83, 2.233
64, 84, 2.2375300000000005
64, 85, 2.2364600000000006
64, 86, 2.2344500000000007
64, 87, 2.2354799999999995
64, 88, 2.2354200000000004
64, 89, 2.23486
64, 90, 2.2355699999999987
64, 91, 2.2397300000000016
64, 92, 2.239799999999999
64, 93, 2.2391600000000005
64, 94, 2.232219999999998
64, 95, 2.235290000000001
64, 96, 2.2387300000000017
64, 97, 2.23702
64, 98, 2.235100000000001
64, 99, 2.23771
64, 100, 2.2366299999999995
64, 101, 2.2387099999999998
64, 102, 2.2380700000000004
64, 103, 2.23041
64, 104, 2.230349999999999
64, 105, 2.2303
64, 106, 2.23352
64, 107, 2.232829999999998
64, 108, 2.2316899999999995
64, 109, 2.2332300000000007
64, 110, 2.2342499999999994
64, 111, 2.233299999999999
64, 112, 2.22882
64, 113, 2.226660000000001
64, 114, 2.2313399999999985
64, 115, 2.22914
64, 116, 2.22906
64, 117, 2.231660000000001
64, 118, 2.2373700000000007
64, 119, 2.2360599999999984
64, 120, 2.23253
64, 121, 2.23251
64, 122, 2.2358699999999985
64, 123, 2.2337900000000004
64, 124, 2.2361000000000004
64, 125, 2.2384199999999987
64, 126, 2.2337600000000006
64, 127, 2.232850000000001
64, 128, 2.2383499999999987
128, 10, 1.71903
128, 11, 1.7745
128, 12, 1.829
128, 13, 1.87449
128, 14, 1.92162
128, 15, 1.96015
128, 16, 1.9992199999999998
128, 17, 2.03463
128, 18, 2.06872
128, 19, 2.101430000000001
128, 20, 2.132210000000001
128, 21, 2.1615400000000005
128, 22, 2.1904700000000017
128, 23, 2.2143900000000007
128, 24, 2.2422299999999997
128, 25, 2.2660499999999995
128, 26, 2.2869400000000004
128, 27, 2.3095100000000004
128, 28, 2.330579999999999
128, 29, 2.3512599999999986
128, 30, 2.3645100000000006
128, 31, 2.3829399999999996
128, 32, 2.40377
128, 33, 2.4178200000000003
128, 34, 2.432040000000001
128, 35, 2.446449999999998
128, 36, 2.453239999999999
128, 37, 2.4715100000000008
128, 38, 2.479429999999999
128, 39, 2.4865200000000005
128, 40, 2.4955599999999984
128, 41, 2.5074599999999996
128, 42, 2.5171700000000006
128, 43, 2.5268500000000005
128, 44, 2.5307799999999983
128, 45, 2.538829999999998
128, 46, 2.54637
128, 47, 2.5540000000000016
128, 48, 2.5625000000000004
128, 49, 2.56448
128, 50, 2.5713700000000013
128, 51, 2.5787599999999995
128, 52, 2.58133
128, 53, 2.587909999999999
128, 54, 2.59168
128, 55, 2.5912399999999995
128, 56, 2.5948499999999983
128, 57, 2.603390000000001
128, 58, 2.6104899999999995
128, 59, 2.61213
128, 60, 2.613270000000001
128, 61, 2.61756
128, 62, 2.61478
128, 63, 2.62131
128, 64, 2.623609999999999
128, 65, 2.6188
128, 66, 2.623199999999999
128, 67, 2.62855
128, 68, 2.6279500000000007
128, 69, 2.62869
128, 70, 2.62832
128, 71, 2.62711
128, 72, 2.6323199999999987
128, 73, 2.6300900000000014
128, 74, 2.632940000000001
128, 75, 2.625160000000001
128, 76, 2.6284600000000005
128, 77, 2.628629999999999
128, 78, 2.6317899999999987
128, 79, 2.6332499999999994
128, 80, 2.6368299999999993
128, 81, 2.63516
128, 82, 2.6356
128, 83, 2.63368
128, 84, 2.636340000000001
128, 85, 2.638189999999999
128, 86, 2.64381
128, 87, 2.64132
128, 88, 2.642129999999999
128, 89, 2.6438799999999993
128, 90, 2.6466899999999987
128, 91, 2.6489899999999986
128, 92, 2.64409
128, 93, 2.6518000000000006
128, 94, 2.6435100000000005
128, 95, 2.6485399999999992
128, 96, 2.648420000000001
128, 97, 2.6519300000000006
128, 98, 2.64478
128, 99, 2.649969999999999
128, 100, 2.65136
128, 101, 2.6494000000000013
128, 102, 2.64602
128, 103, 2.6447
128, 104, 2.64511
128, 105, 2.646100000000001
128, 106, 2.64889
128, 107, 2.65093
128, 108, 2.65095
128, 109, 2.653019999999999
128, 110, 2.65232
128, 111, 2.6526599999999987
128, 112, 2.649509999999999
128, 113, 2.6502
128, 114, 2.65142
128, 115, 2.649969999999999
128, 116, 2.647880000000001
128, 117, 2.6488099999999988
128, 118, 2.646810000000001
128, 119, 2.646310000000001
128, 120, 2.6476400000000004
128, 121, 2.6490700000000014
128, 122, 2.650120000000001
128, 123, 2.65142
128, 124, 2.648209999999999
128, 125, 2.6462999999999988
128, 126, 2.6421899999999976
128, 127, 2.64353
128, 128, 2.6438600000000005
128, 129, 2.6460299999999988
128, 130, 2.6466199999999986
128, 131, 2.6442400000000013
128, 132, 2.6438799999999993
128, 133, 2.64756
128, 134, 2.643930000000001
128, 135, 2.64486
128, 136, 2.64562
128, 137, 2.6470199999999995
128, 138, 2.64569
128, 139, 2.6477699999999986
128, 140, 2.645210000000001
128, 141, 2.6449499999999992
128, 142, 2.6448200000000024
128, 143, 2.6442200000000007
128, 144, 2.6458500000000025
128, 145, 2.6452800000000005
128, 146, 2.642219999999998
128, 147, 2.6445999999999987
128, 148, 2.64502
128, 149, 2.64148
128, 150, 2.6480000000000006
128, 151, 2.64588
128, 152, 2.64243
128, 153, 2.64613
128, 154, 2.6452799999999987
128, 155, 2.6489600000000006
128, 156, 2.645849999999999
128, 157, 2.64771
128, 158, 2.6480399999999977
128, 159, 2.6449
128, 160, 2.6455699999999993
128, 161, 2.6402200000000007
128, 162, 2.64367
128, 163, 2.6418000000000004
128, 164, 2.6477100000000005
128, 165, 2.646750000000002
128, 166, 2.641990000000001
128, 167, 2.64847
128, 168, 2.6446100000000006
128, 169, 2.64987
128, 170, 2.651260000000001
128, 171, 2.65267
128, 172, 2.64996
128, 173, 2.6487999999999987
128, 174, 2.6455
128, 175, 2.6467599999999987
128, 176, 2.6415699999999993
128, 177, 2.64404
128, 178, 2.6427000000000014
128, 179, 2.64417
128, 180, 2.6462399999999993
128, 181, 2.6416100000000013
128, 182, 2.6468900000000013
128, 183, 2.65001
128, 184, 2.64876
128, 185, 2.6504799999999995
128, 186, 2.64865
128, 187, 2.6462
128, 188, 2.64717
128, 189, 2.64665
128, 190, 2.645660000000002
128, 191, 2.6497599999999992
128, 192, 2.64682
128, 193, 2.64818
128, 194, 2.64937
128, 195, 2.64646
128, 196, 2.64843
128, 197, 2.649160000000001
128, 198, 2.64927
128, 199, 2.65046
128, 200, 2.6540099999999986
128, 201, 2.6523200000000013
128, 202, 2.64992
128, 203, 2.650250000000001
128, 204, 2.65182
128, 205, 2.650469999999999
128, 206, 2.6451299999999986
128, 207, 2.6462600000000016
128, 208, 2.64999
128, 209, 2.65161
128, 210, 2.65283
128, 211, 2.6488599999999987
128, 212, 2.6502899999999996
128, 213, 2.6512000000000007
128, 214, 2.6538000000000013
128, 215, 2.65231
128, 216, 2.65104
128, 217, 2.647889999999999
128, 218, 2.64345
128, 219, 2.64806
128, 220, 2.6439999999999992
128, 221, 2.6446699999999987
128, 222, 2.64983
128, 223, 2.6521199999999996
128, 224, 2.6450000000000005
128, 225, 2.6479099999999995
128, 226, 2.6481000000000012
128, 227, 2.6480500000000005
128, 228, 2.6446199999999993
128, 229, 2.644489999999999
128, 230, 2.6477199999999987
128, 231, 2.6464199999999987
128, 232, 2.6463599999999996
128, 233, 2.646060000000001
128, 234, 2.6472599999999993
128, 235, 2.646120000000001
128, 236, 2.6469000000000014
128, 237, 2.64806
128, 238, 2.648079999999999
128, 239, 2.64648
128, 240, 2.645419999999999
128, 241, 2.645579999999999
128, 242, 2.650719999999999
128, 243, 2.64656
128, 244, 2.648910000000001
128, 245, 2.6525199999999995
128, 246, 2.6528699999999987
128, 247, 2.6529200000000013
128, 248, 2.65438
128, 249, 2.65241
128, 250, 2.64795
128, 251, 2.64753
128, 252, 2.651320000000001
128, 253, 2.648069999999999
128, 254, 2.6441300000000005
128, 255, 2.64289
128, 256, 2.6494
256, 10, 1.72906
256, 11, 1.77944
256, 12, 1.82791
256, 13, 1.87203
256, 14, 1.91451
256, 15, 1.95298
256, 16, 1.99721
256, 17, 2.0315399999999992
256, 18, 2.06724
256, 19, 2.101860000000001
256, 20, 2.1351
256, 21, 2.1617599999999992
256, 22, 2.18677
256, 23, 2.2163400000000006
256, 24, 2.2393800000000006
256, 25, 2.26406
256, 26, 2.28794
256, 27, 2.3153299999999994
256, 28, 2.335169999999999
256, 29, 2.356030000000001
256, 30, 2.374200000000001
256, 31, 2.3943699999999994
256, 32, 2.411869999999999
256, 33, 2.43313
256, 34, 2.456119999999999
256, 35, 2.4739000000000004
256, 36, 2.489359999999999
256, 37, 2.50571
256, 38, 2.5254699999999994
256, 39, 2.54272
256, 40, 2.55635
256, 41, 2.5748499999999996
256, 42, 2.590849999999999
256, 43, 2.6031600000000013
256, 44, 2.61797
256, 45, 2.632060000000001
256, 46, 2.6507099999999992
256, 47, 2.6611999999999987
256, 48, 2.67812
256, 49, 2.691939999999999
256, 50, 2.702049999999999
256, 51, 2.71459
256, 52, 2.721
256, 53, 2.7345899999999994
256, 54, 2.74652
256, 55, 2.75553
256, 56, 2.7624799999999996
256, 57, 2.77298
256, 58, 2.787290000000002
256, 59, 2.7973299999999988
256, 60, 2.8057800000000013
256, 61, 2.81463
256, 62, 2.82347
256, 63, 2.8382299999999994
256, 64, 2.8451500000000007
256, 65, 2.8468400000000007
256, 66, 2.8560399999999992
256, 67, 2.86733
256, 68, 2.87958
256, 69, 2.88646
256, 70, 2.89144
256, 71, 2.89733
256, 72, 2.9023299999999987
256, 73, 2.90846
256, 74, 2.91307
256, 75, 2.92071
256, 76, 2.924700000000001
256, 77, 2.93009
256, 78, 2.9383700000000004
256, 79, 2.94393
256, 80, 2.9459599999999995
256, 81, 2.94721
256, 82, 2.955629999999999
256, 83, 2.9654
256, 84, 2.9655999999999993
256, 85, 2.97133
256, 86, 2.97224
256, 87, 2.98212
256, 88, 2.985140000000001
256, 89, 2.9928099999999986
256, 90, 2.99427
256, 91, 2.997949999999999
256, 92, 2.99548
256, 93, 3.003510000000001
256, 94, 3.00578
256, 95, 3.00949
256, 96, 3.0148799999999993
256, 97, 3.018819999999999
256, 98, 3.0206799999999987
256, 99, 3.02585
256, 100, 3.02622
256, 101, 3.03027
256, 102, 3.03075
256, 103, 3.03749
256, 104, 3.04009
256, 105, 3.0416300000000005
256, 106, 3.039830000000001
256, 107, 3.04191
256, 108, 3.04222
256, 109, 3.0436899999999993
256, 110, 3.048
256, 111, 3.0501900000000006
256, 112, 3.05016
256, 113, 3.05886
256, 114, 3.0557
256, 115, 3.06089
256, 116, 3.06104
256, 117, 3.0671
256, 118, 3.0670900000000008
256, 119, 3.06992
256, 120, 3.06771
256, 121, 3.06996
256, 122, 3.07434
256, 123, 3.07981
256, 124, 3.08424
256, 125, 3.0814500000000007
256, 126, 3.0810800000000005
256, 127, 3.08273
256, 128, 3.08805
256, 129, 3.08446
256, 130, 3.0890000000000013
256, 131, 3.0853999999999995
256, 132, 3.08968
256, 133, 3.09177
256, 134, 3.09191
256, 135, 3.09178
256, 136, 3.0918899999999994
256, 137, 3.0883100000000008
256, 138, 3.09317
256, 139, 3.094069999999999
256, 140, 3.09328
256, 141, 3.0907599999999986
256, 142, 3.09175
256, 143, 3.09271
256, 144, 3.09514
256, 145, 3.09906
256, 146, 3.1028
256, 147, 3.1003899999999995
256, 148, 3.1008500000000008
256, 149, 3.103359999999999
256, 150, 3.10194
256, 151, 3.1015699999999993
256, 152, 3.09739
256, 153, 3.0966400000000007
256, 154, 3.10037
256, 155, 3.09792
256, 156, 3.1020199999999987
256, 157, 3.1063900000000007
256, 158, 3.1073
256, 159, 3.10658
256, 160, 3.1090199999999992
256, 161, 3.1066699999999994
256, 162, 3.10879
256, 163, 3.11071
256, 164, 3.11169
256, 165, 3.10705
256, 166, 3.10781
256, 167, 3.1094
256, 168, 3.10838
256, 169, 3.10938
256, 170, 3.10865
256, 171, 3.11247
256, 172, 3.1096699999999995
256, 173, 3.10919
256, 174, 3.10884
256, 175, 3.10947
256, 176, 3.10618
256, 177, 3.1074299999999995
256, 178, 3.10978
256, 179, 3.10879
256, 180, 3.1113200000000005
256, 181, 3.1084900000000006
256, 182, 3.1037999999999992
256, 183, 3.10257
256, 184, 3.103959999999999
256, 185, 3.1075
256, 186, 3.1077
256, 187, 3.10765
256, 188, 3.10892
256, 189, 3.10851
256, 190, 3.10916
256, 191, 3.10901
256, 192, 3.11092
256, 193, 3.11277
256, 194, 3.11062
256, 195, 3.1178
256, 196, 3.11557
256, 197, 3.1124599999999987
256, 198, 3.11379
256, 199, 3.11768
256, 200, 3.1172000000000004
256, 201, 3.11899
256, 202, 3.11472
256, 203, 3.11265
256, 204, 3.11404
256, 205, 3.113580000000001
256, 206, 3.11374
256, 207, 3.112499999999999
256, 208, 3.11031
256, 209, 3.1090600000000004
256, 210, 3.1114999999999995
256, 211, 3.11531
256, 212, 3.1136000000000004
256, 213, 3.10909
256, 214, 3.1111799999999987
256, 215, 3.1139499999999996
256, 216, 3.11484
256, 217, 3.11493
256, 218, 3.11991
256, 219, 3.11569
256, 220, 3.11592
256, 221, 3.1154
256, 222, 3.10985
256, 223, 3.1091600000000006
256, 224, 3.1122100000000006
256, 225, 3.11396
256, 226, 3.11015
256, 227, 3.11506
256, 228, 3.11608
256, 229, 3.1157800000000013
256, 230, 3.11375
256, 231, 3.11515
256, 232, 3.1192100000000007
256, 233, 3.116750000000001
256, 234, 3.11161
256, 235, 3.11445
256, 236, 3.11412
256, 237, 3.11595
256, 238, 3.1188
256, 239, 3.11908
256, 240, 3.122
256, 241, 3.11751
256, 242, 3.116039999999999
256, 243, 3.11332
256, 244, 3.1186400000000005
256, 245, 3.1185799999999992
256, 246, 3.11833
256, 247, 3.11658
256, 248, 3.11873
256, 249, 3.11639
256, 250, 3.1167300000000004
256, 251, 3.11524
256, 252, 3.11811
256, 253, 3.1194
256, 254, 3.11784
256, 255, 3.1160600000000005
256, 256, 3.1146699999999994
256, 257, 3.11332
256, 258, 3.1137100000000006
256, 259, 3.1101599999999996
256, 260, 3.11215
256, 261, 3.11448
256, 262, 3.11667
256, 263, 3.11533
256, 264, 3.1119999999999988
256, 265, 3.11661
256, 266, 3.112409999999999
256, 267, 3.1095099999999993
256, 268, 3.10739
256, 269, 3.10865
256, 270, 3.11025
256, 271, 3.11285
256, 272, 3.11125
256, 273, 3.11576
256, 274, 3.11269
256, 275, 3.11282
256, 276, 3.11118
256, 277, 3.11048
256, 278, 3.1064199999999995
256, 279, 3.11273
256, 280, 3.11383
256, 281, 3.1162599999999996
256, 282, 3.11368
256, 283, 3.11469
256, 284, 3.11817
256, 285, 3.11748
256, 286, 3.117559999999999
256, 287, 3.1207200000000004
256, 288, 3.1180300000000005
256, 289, 3.11832
256, 290, 3.1163299999999987
256, 291, 3.1173499999999996
256, 292, 3.117629999999999
256, 293, 3.11646
256, 294, 3.115269999999999
256, 295, 3.11058
256, 296, 3.1126
256, 297, 3.1130000000000004
256, 298, 3.1154000000000006
256, 299, 3.11227
256, 300, 3.10856
256, 301, 3.10948
256, 302, 3.11411
256, 303, 3.10539
256, 304, 3.10704
256, 305, 3.1086199999999993
256, 306, 3.11128
256, 307, 3.11207
256, 308, 3.11563
256, 309, 3.11741
256, 310, 3.1114199999999994
256, 311, 3.11337
256, 312, 3.1156
256, 313, 3.1100100000000013
256, 314, 3.11014
256, 315, 3.1093199999999994
256, 316, 3.11568
256, 317, 3.11815
256, 318, 3.1130599999999995
256, 319, 3.11388
256, 320, 3.1134100000000005
256, 321, 3.11178
256, 322, 3.1112600000000006
256, 323, 3.11026
256, 324, 3.111020000000001
256, 325, 3.11332
256, 326, 3.11689
256, 327, 3.11775
256, 328, 3.114
256, 329, 3.11092
256, 330, 3.11055
256, 331, 3.11301
256, 332, 3.1065599999999995
256, 333, 3.1088999999999993
256, 334, 3.1079799999999995
256, 335, 3.10831
256, 336, 3.1029700000000013
256, 337, 3.10652
256, 338, 3.11014
256, 339, 3.1104200000000004
256, 340, 3.1088800000000005
256, 341, 3.11087
256, 342, 3.1125300000000005
256, 343, 3.11233
256, 344, 3.1114499999999987
256, 345, 3.1127600000000006
256, 346, 3.11448
256, 347, 3.109430000000001
256, 348, 3.11263
256, 349, 3.11571
256, 350, 3.11578
256, 351, 3.1178
256, 352, 3.1158499999999987
256, 353, 3.11993
256, 354, 3.11749
256, 355, 3.11829
256, 356, 3.11995
256, 357, 3.1175299999999995
256, 358, 3.1141800000000006
256, 359, 3.12111
256, 360, 3.11833
256, 361, 3.11836
256, 362, 3.11745
256, 363, 3.1178
256, 364, 3.11514
256, 365, 3.12231
256, 366, 3.11725
256, 367, 3.121239999999999
256, 368, 3.1196199999999994
256, 369, 3.11966
256, 370, 3.12083
256, 371, 3.11741
256, 372, 3.11483
256, 373, 3.11282
256, 374, 3.11776
256, 375, 3.1179400000000004
256, 376, 3.12216
256, 377, 3.11705
256, 378, 3.11815
256, 379, 3.11928
256, 380, 3.1191400000000007
256, 381, 3.11702
256, 382, 3.1225899999999993
256, 383, 3.119320000000001
256, 384, 3.1231200000000006
256, 385, 3.12291
256, 386, 3.1190900000000004
256, 387, 3.12278
256, 388, 3.1184299999999996
256, 389, 3.11657
256, 390, 3.12115
256, 391, 3.1181099999999993
256, 392, 3.11543
256, 393, 3.1142200000000004
256, 394, 3.11592
256, 395, 3.1143500000000013
256, 396, 3.11441
256, 397, 3.116780000000001
256, 398, 3.1154
256, 399, 3.11822
256, 400, 3.11248
256, 401, 3.11037
256, 402, 3.11395
256, 403, 3.115599999999999
256, 404, 3.11954
256, 405, 3.12055
256, 406, 3.12017
256, 407, 3.11605
256, 408, 3.11307
256, 409, 3.1167
256, 410, 3.11679
256, 411, 3.11663
256, 412, 3.11982
256, 413, 3.1158000000000006
256, 414, 3.1142599999999994
256, 415, 3.11333
256, 416, 3.1170299999999993
256, 417, 3.1192499999999987
256, 418, 3.1146500000000006
256, 419, 3.1194100000000007
256, 420, 3.11547
256, 421, 3.1156
256, 422, 3.1176000000000004
256, 423, 3.1188
256, 424, 3.11468
256, 425, 3.11728
256, 426, 3.1150799999999994
256, 427, 3.11428
256, 428, 3.1118899999999994
256, 429, 3.11383
256, 430, 3.11697
256, 431, 3.1169700000000007
256, 432, 3.1145900000000006
256, 433, 3.11657
256, 434, 3.11685
256, 435, 3.11995
256, 436, 3.11676
256, 437, 3.11502
256, 438, 3.113870000000001
256, 439, 3.11464
256, 440, 3.116409999999999
256, 441, 3.1123199999999995
256, 442, 3.11327
256, 443, 3.115339999999999
256, 444, 3.11765
256, 445, 3.11544
256, 446, 3.12143
256, 447, 3.11761
256, 448, 3.11708
256, 449, 3.11438
256, 450, 3.1137300000000008
256, 451, 3.1129999999999995
256, 452, 3.11505
256, 453, 3.11579
256, 454, 3.11615
256, 455, 3.11538
256, 456, 3.110039999999999
256, 457, 3.11593
256, 458, 3.11398
256, 459, 3.11876
256, 460, 3.11547
256, 461, 3.11751
256, 462, 3.115049999999999
256, 463, 3.11495
256, 464, 3.11367
256, 465, 3.1211499999999988
256, 466, 3.11694
256, 467, 3.114789999999999
256, 468, 3.11472
256, 469, 3.1124999999999994
256, 470, 3.1137500000000005
256, 471, 3.1163800000000004
256, 472, 3.11543
256, 473, 3.112
256, 474, 3.11268
256, 475, 3.1137700000000006
256, 476, 3.1158199999999994
256, 477, 3.1166
256, 478, 3.1161
256, 479, 3.11437
256, 480, 3.11904
256, 481, 3.118989999999999
256, 482, 3.11882
256, 483, 3.1176500000000007
256, 484, 3.11728
256, 485, 3.11671
256, 486, 3.11579
256, 487, 3.1128499999999995
256, 488, 3.11386
256, 489, 3.1161199999999996
256, 490, 3.1169899999999995
256, 491, 3.1161699999999994
256, 492, 3.1182
256, 493, 3.1194900000000008
256, 494, 3.1158400000000013
256, 495, 3.118329999999999
256, 496, 3.11945
256, 497, 3.11852
256, 498, 3.118919999999999
256, 499, 3.1142899999999987
256, 500, 3.11534
256, 501, 3.1158
256, 502, 3.11476
256, 503, 3.11393
256, 504, 3.11882
256, 505, 3.1191100000000005
256, 506, 3.11355
256, 507, 3.11705
256, 508, 3.1142999999999996
256, 509, 3.1131100000000007
256, 510, 3.11556
256, 511, 3.11529
256, 512, 3.11682
512, 10, 1.72811
512, 11, 1.7801
512, 12, 1.82671
512, 13, 1.87664
512, 14, 1.91546
512, 15, 1.95611
512, 16, 1.99031
512, 17, 2.0239700000000003
512, 18, 2.05987
512, 19, 2.0937099999999984
512, 20, 2.12515
512, 21, 2.1584200000000013
512, 22, 2.1874100000000007
512, 23, 2.2144500000000003
512, 24, 2.2383200000000008
512, 25, 2.26114
512, 26, 2.2851199999999996
512, 27, 2.306849999999999
512, 28, 2.3339999999999996
512, 29, 2.3571799999999996
512, 30, 2.3761500000000013
512, 31, 2.3969100000000005
512, 32, 2.4116500000000007
512, 33, 2.4335500000000003
512, 34, 2.451140000000001
512, 35, 2.47134
512, 36, 2.4918799999999988
512, 37, 2.50779
512, 38, 2.5230499999999996
512, 39, 2.5388399999999995
512, 40, 2.550229999999998
512, 41, 2.5703400000000003
512, 42, 2.587539999999999
512, 43, 2.6012799999999996
512, 44, 2.618890000000001
512, 45, 2.6338700000000013
512, 46, 2.6523800000000004
512, 47, 2.6674999999999995
512, 48, 2.678049999999999
512, 49, 2.6898100000000014
512, 50, 2.7057000000000007
512, 51, 2.72214
512, 52, 2.73296
512, 53, 2.745849999999999
512, 54, 2.7578499999999995
512, 55, 2.768949999999999
512, 56, 2.7803199999999992
512, 57, 2.78995
512, 58, 2.802159999999999
512, 59, 2.8159299999999994
512, 60, 2.82661
512, 61, 2.83997
512, 62, 2.85361
512, 63, 2.8623799999999995
512, 64, 2.87251
512, 65, 2.8843899999999993
512, 66, 2.8935700000000013
512, 67, 2.9064699999999988
512, 68, 2.91442
512, 69, 2.92544
512, 70, 2.9321700000000006
512, 71, 2.94339
512, 72, 2.950890000000001
512, 73, 2.95844
512, 74, 2.97821
512, 75, 2.9857
512, 76, 2.99502
512, 77, 3.00387
512, 78, 3.01268
512, 79, 3.0240799999999988
512, 80, 3.03339
512, 81, 3.04038
512, 82, 3.04708
512, 83, 3.052029999999999
512, 84, 3.0613500000000005
512, 85, 3.07145
512, 86, 3.0819000000000005
512, 87, 3.09117
512, 88, 3.10071
512, 89, 3.1059700000000006
512, 90, 3.111060000000001
512, 91, 3.121
512, 92, 3.12621
512, 93, 3.13354
512, 94, 3.14512
512, 95, 3.14705
512, 96, 3.15863
512, 97, 3.16282
512, 98, 3.17211
512, 99, 3.1753
512, 100, 3.1849800000000004
512, 101, 3.19501
512, 102, 3.201220000000001
512, 103, 3.20756
512, 104, 3.210099999999999
512, 105, 3.21942
512, 106, 3.220839999999999
512, 107, 3.2292299999999994
512, 108, 3.2359499999999994
512, 109, 3.23811
512, 110, 3.24527
512, 111, 3.25263
512, 112, 3.2579999999999987
512, 113, 3.26165
512, 114, 3.267880000000001
512, 115, 3.27519
512, 116, 3.28397
512, 117, 3.288019999999999
512, 118, 3.29815
512, 119, 3.30084
512, 120, 3.30069
512, 121, 3.3078000000000007
512, 122, 3.31328
512, 123, 3.3233299999999995
512, 124, 3.3278200000000004
512, 125, 3.33142
512, 126, 3.33496
512, 127, 3.34056
512, 128, 3.3462600000000005
512, 129, 3.35095
512, 130, 3.3525
512, 131, 3.3583300000000005
512, 132, 3.36132
512, 133, 3.36528
512, 134, 3.37065
512, 135, 3.37178
512, 136, 3.3759100000000006
512, 137, 3.38433
512, 138, 3.38652
512, 139, 3.3955999999999995
512, 140, 3.39717
512, 141, 3.40067
512, 142, 3.40595
512, 143, 3.41086
512, 144, 3.41457
512, 145, 3.41465
512, 146, 3.41752
512, 147, 3.41892
512, 148, 3.42292
512, 149, 3.43032
512, 150, 3.43369
512, 151, 3.43388
512, 152, 3.44767
512, 153, 3.44754
512, 154, 3.4502
512, 155, 3.45264
512, 156, 3.45571
512, 157, 3.46168
512, 158, 3.46387
512, 159, 3.4677
512, 160, 3.47439
512, 161, 3.46827
512, 162, 3.46904
512, 163, 3.47739
512, 164, 3.4795000000000007
512, 165, 3.47849
512, 166, 3.48356
512, 167, 3.48616
512, 168, 3.48827
512, 169, 3.49034
512, 170, 3.49619
512, 171, 3.49679
512, 172, 3.49844
512, 173, 3.4994
512, 174, 3.50567
512, 175, 3.50637
512, 176, 3.50702
512, 177, 3.51225
512, 178, 3.51255
512, 179, 3.5134300000000005
512, 180, 3.51875
512, 181, 3.5192299999999994
512, 182, 3.51881
512, 183, 3.5183100000000005
512, 184, 3.52473
512, 185, 3.5287
512, 186, 3.53343
512, 187, 3.53621
512, 188, 3.53501
512, 189, 3.53694
512, 190, 3.53858
512, 191, 3.53696
512, 192, 3.54156
512, 193, 3.54133
512, 194, 3.54395
512, 195, 3.54636
512, 196, 3.54636
512, 197, 3.5506299999999995
512, 198, 3.54891
512, 199, 3.55125
512, 200, 3.5538
512, 201, 3.55966
512, 202, 3.55885
512, 203, 3.56021
512, 204, 3.55849
512, 205, 3.55979
512, 206, 3.55892
512, 207, 3.558350000000001
512, 208, 3.56214
512, 209, 3.56186
512, 210, 3.56525
512, 211, 3.56659
512, 212, 3.56542
512, 213, 3.5673
512, 214, 3.57005
512, 215, 3.57243
512, 216, 3.57458
512, 217, 3.57585
512, 218, 3.57138
512, 219, 3.57374
512, 220, 3.57907
512, 221, 3.57854
512, 222, 3.58424
512, 223, 3.58331
512, 224, 3.58369
512, 225, 3.58763
512, 226, 3.5862
512, 227, 3.59022
512, 228, 3.58632
512, 229, 3.58863
512, 230, 3.5931
512, 231, 3.59377
512, 232, 3.59086
512, 233, 3.59406
512, 234, 3.59663
512, 235, 3.59599
512, 236, 3.59796
512, 237, 3.5974
512, 238, 3.60241
512, 239, 3.60606
512, 240, 3.59944
512, 241, 3.60032
512, 242, 3.60354
512, 243, 3.60589
512, 244, 3.60812
512, 245, 3.60579
512, 246, 3.6085900000000004
512, 247, 3.6102
512, 248, 3.60621
512, 249, 3.61062
512, 250, 3.60657
512, 251, 3.60631
512, 252, 3.60919
512, 253, 3.60897
512, 254, 3.61235
512, 255, 3.61255
512, 256, 3.61262
512, 257, 3.61172
512, 258, 3.61181
512, 259, 3.61367
512, 260, 3.61338
512, 261, 3.6173
512, 262, 3.61649
512, 263, 3.616
512, 264, 3.61892
512, 265, 3.61524
512, 266, 3.61695
512, 267, 3.61513
512, 268, 3.61604
512, 269, 3.61494
512, 270, 3.6179
512, 271, 3.62165
512, 272, 3.61851
512, 273, 3.62243
512, 274, 3.62227
512, 275, 3.62264
512, 276, 3.62262
512, 277, 3.62021
512, 278, 3.62083
512, 279, 3.62565
512, 280, 3.62599
512, 281, 3.62341
512, 282, 3.62717
512, 283, 3.62238
512, 284, 3.62286
512, 285, 3.62231
512, 286, 3.62582
512, 287, 3.62789
512, 288, 3.63039
512, 289, 3.63046
512, 290, 3.63078
512, 291, 3.63375
512, 292, 3.6275
512, 293, 3.62951
512, 294, 3.63533
512, 295, 3.63133
512, 296, 3.63217
512, 297, 3.63452
512, 298, 3.6325
512, 299, 3.63268
512, 300, 3.63663
512, 301, 3.62785
512, 302, 3.63314
512, 303, 3.63221
512, 304, 3.63392
512, 305, 3.63213
512, 306, 3.63088
512, 307, 3.62767
512, 308, 3.62922
512, 309, 3.62914
512, 310, 3.62514
512, 311, 3.62598
512, 312, 3.62383
512, 313, 3.62139
512, 314, 3.62316
512, 315, 3.62233
512, 316, 3.62152
512, 317, 3.62678
512, 318, 3.62534
512, 319, 3.62922
512, 320, 3.62566
512, 321, 3.6276
512, 322, 3.62544
512, 323, 3.62605
512, 324, 3.6271
512, 325, 3.62934
512, 326, 3.63379
512, 327, 3.63245
512, 328, 3.63051
512, 329, 3.63221
512, 330, 3.63169
512, 331, 3.62841
512, 332, 3.635
512, 333, 3.63631
512, 334, 3.6342
512, 335, 3.63425
512, 336, 3.63343
512, 337, 3.63094
512, 338, 3.6313
512, 339, 3.63323
512, 340, 3.6314299999999995
512, 341, 3.63243
512, 342, 3.63337
512, 343, 3.63124
512, 344, 3.63668
512, 345, 3.63919
512, 346, 3.6353
512, 347, 3.63858
512, 348, 3.63642
512, 349, 3.64015
512, 350, 3.63878
512, 351, 3.63903
512, 352, 3.63991
512, 353, 3.64161
512, 354, 3.64331
512, 355, 3.6463
512, 356, 3.64464
512, 357, 3.64399
512, 358, 3.646
512, 359, 3.64825
512, 360, 3.6458
512, 361, 3.64369
512, 362, 3.64401
512, 363, 3.64153
512, 364, 3.64262
512, 365, 3.64434
512, 366, 3.64323
512, 367, 3.63873
512, 368, 3.63955
512, 369, 3.63861
512, 370, 3.64075
512, 371, 3.63875
512, 372, 3.6373
512, 373, 3.64633
512, 374, 3.64859
512, 375, 3.6517699999999995
512, 376, 3.64603
512, 377, 3.64495
512, 378, 3.64642
512, 379, 3.64301
512, 380, 3.64399
512, 381, 3.64519
512, 382, 3.64282
512, 383, 3.64381
512, 384, 3.63982
512, 385, 3.64055
512, 386, 3.64267
512, 387, 3.64279
512, 388, 3.64153
512, 389, 3.6394
512, 390, 3.63914
512, 391, 3.64391
512, 392, 3.6431
512, 393, 3.64338
512, 394, 3.63659
512, 395, 3.64162
512, 396, 3.64471
512, 397, 3.6431
512, 398, 3.64108
512, 399, 3.63765
512, 400, 3.63914
512, 401, 3.63863
512, 402, 3.63943
512, 403, 3.63996
512, 404, 3.63694
512, 405, 3.63667
512, 406, 3.63593
512, 407, 3.63974
512, 408, 3.63894
512, 409, 3.63821
512, 410, 3.64358
512, 411, 3.63972
512, 412, 3.63779
512, 413, 3.63778
512, 414, 3.63654
512, 415, 3.64097
512, 416, 3.63863
512, 417, 3.63755
512, 418, 3.63628
512, 419, 3.63621
512, 420, 3.63471
512, 421, 3.63507
512, 422, 3.63396
512, 423, 3.63527
512, 424, 3.63916
512, 425, 3.63477
512, 426, 3.63034
512, 427, 3.6311
512, 428, 3.63511
512, 429, 3.6365
512, 430, 3.63543
512, 431, 3.63011
512, 432, 3.63185
512, 433, 3.63587
512, 434, 3.63437
512, 435, 3.63342
512, 436, 3.63556
512, 437, 3.63638
512, 438, 3.63668
512, 439, 3.63905
512, 440, 3.64019
512, 441, 3.64092
512, 442, 3.6399
512, 443, 3.64135
512, 444, 3.64086
512, 445, 3.64034
512, 446, 3.63928
512, 447, 3.63526
512, 448, 3.64273
512, 449, 3.64337
512, 450, 3.64464
512, 451, 3.64615
512, 452, 3.63835
512, 453, 3.64061
512, 454, 3.64003
512, 455, 3.64068
512, 456, 3.64402
512, 457, 3.64501
512, 458, 3.64455
512, 459, 3.6468
512, 460, 3.64493
512, 461, 3.64707
512, 462, 3.64805
512, 463, 3.64466
512, 464, 3.64351
512, 465, 3.64394
512, 466, 3.64739
512, 467, 3.64805
512, 468, 3.64093
512, 469, 3.64469
512, 470, 3.64471
512, 471, 3.64385
512, 472, 3.64501
512, 473, 3.64398
512, 474, 3.6415
512, 475, 3.64266
512, 476, 3.64467
512, 477, 3.64693
512, 478, 3.64721
512, 479, 3.64977
512, 480, 3.64754
512, 481, 3.64672
512, 482, 3.64793
512, 483, 3.64791
512, 484, 3.64644
512, 485, 3.64514
512, 486, 3.64679
512, 487, 3.64823
512, 488, 3.64865
512, 489, 3.65025
512, 490, 3.64986
512, 491, 3.6484
512, 492, 3.65033
512, 493, 3.64947
512, 494, 3.65057
512, 495, 3.64919
512, 496, 3.64842
512, 497, 3.64935
512, 498, 3.65239
512, 499, 3.65227
512, 500, 3.6491
512, 501, 3.64748
512, 502, 3.64478
512, 503, 3.64787
512, 504, 3.64883
512, 505, 3.64648
512, 506, 3.65035
512, 507, 3.64772
512, 508, 3.64695
512, 509, 3.64603
512, 510, 3.64504
512, 511, 3.64724
512, 512, 3.64275
512, 513, 3.6453
512, 514, 3.6442
512, 515, 3.64392
512, 516, 3.64635
512, 517, 3.64653
512, 518, 3.64705
512, 519, 3.64546
512, 520, 3.64499
512, 521, 3.64837
512, 522, 3.64474
512, 523, 3.64365
512, 524, 3.64165
512, 525, 3.64292
512, 526, 3.64233
512, 527, 3.64127
512, 528, 3.641
512, 529, 3.64063
512, 530, 3.63929
512, 531, 3.64001
512, 532, 3.64465
512, 533, 3.64484
512, 534, 3.64258
512, 535, 3.64494
512, 536, 3.64659
512, 537, 3.64826
512, 538, 3.64235
512, 539, 3.64232
512, 540, 3.64251
512, 541, 3.63746
512, 542, 3.64349
512, 543, 3.63893
512, 544, 3.63906
512, 545, 3.64387
512, 546, 3.64408
512, 547, 3.64103
512, 548, 3.64355
512, 549, 3.64335
512, 550, 3.64102
512, 551, 3.63759
512, 552, 3.64069
512, 553, 3.63702
512, 554, 3.63692
512, 555, 3.64377
512, 556, 3.64474
512, 557, 3.64588
512, 558, 3.64709
512, 559, 3.6465
512, 560, 3.64307
512, 561, 3.64183
512, 562, 3.64521
512, 563, 3.64007
512, 564, 3.64342
512, 565, 3.64746
512, 566, 3.64563
512, 567, 3.64682
512, 568, 3.64328
512, 569, 3.64081
512, 570, 3.64208
512, 571, 3.64163
512, 572, 3.64044
512, 573, 3.64176
512, 574, 3.64328
512, 575, 3.64254
512, 576, 3.64403
512, 577, 3.64482
512, 578, 3.64572
512, 579, 3.64672
512, 580, 3.64741
512, 581, 3.64184
512, 582, 3.64354
512, 583, 3.64269
512, 584, 3.64331
512, 585, 3.6442
512, 586, 3.64375
512, 587, 3.64567
512, 588, 3.64757
512, 589, 3.65066
512, 590, 3.64817
512, 591, 3.6462
512, 592, 3.64893
512, 593, 3.64719
512, 594, 3.64686
512, 595, 3.64337
512, 596, 3.64514
512, 597, 3.647
512, 598, 3.64283
512, 599, 3.64951
512, 600, 3.64424
512, 601, 3.6474
512, 602, 3.64574
512, 603, 3.64906
512, 604, 3.65014
512, 605, 3.65003
512, 606, 3.64895
512, 607, 3.64667
512, 608, 3.64335
512, 609, 3.64752
512, 610, 3.6466
512, 611, 3.64964
512, 612, 3.65026
512, 613, 3.64831
512, 614, 3.6499
512, 615, 3.65151
512, 616, 3.64725
512, 617, 3.65081
512, 618, 3.648
512, 619, 3.64646
512, 620, 3.64796
512, 621, 3.64805
512, 622, 3.64942
512, 623, 3.65047
512, 624, 3.64953
512, 625, 3.64639
512, 626, 3.65
512, 627, 3.64814
512, 628, 3.64228
512, 629, 3.64191
512, 630, 3.64909
512, 631, 3.64522
512, 632, 3.64793
512, 633, 3.64868
512, 634, 3.65014
512, 635, 3.65246
512, 636, 3.65139
512, 637, 3.64784
512, 638, 3.65082
512, 639, 3.64495
512, 640, 3.64141
512, 641, 3.64437
512, 642, 3.64758
512, 643, 3.64919
512, 644, 3.64852
512, 645, 3.64482
512, 646, 3.64451
512, 647, 3.64476
512, 648, 3.64817
512, 649, 3.64684
512, 650, 3.64612
512, 651, 3.64844
512, 652, 3.64965
512, 653, 3.65153
512, 654, 3.64626
512, 655, 3.64578
512, 656, 3.64751
512, 657, 3.6473
512, 658, 3.64628
512, 659, 3.65019
512, 660, 3.64463
512, 661, 3.64125
512, 662, 3.64711
512, 663, 3.64646
512, 664, 3.64902
512, 665, 3.64207
512, 666, 3.64443
512, 667, 3.64769
512, 668, 3.64419
512, 669, 3.64764
512, 670, 3.64559
512, 671, 3.64429
512, 672, 3.64291
512, 673, 3.64163
512, 674, 3.64379
512, 675, 3.64429
512, 676, 3.6432
512, 677, 3.64293
512, 678, 3.64234
512, 679, 3.64417
512, 680, 3.64174
512, 681, 3.6438
512, 682, 3.64569
512, 683, 3.64858
512, 684, 3.65288
512, 685, 3.65174
512, 686, 3.64663
512, 687, 3.64654
512, 688, 3.64468
512, 689, 3.64404
512, 690, 3.64764
512, 691, 3.6492
512, 692, 3.64627
512, 693, 3.64727
512, 694, 3.64655
512, 695, 3.65085
512, 696, 3.65
512, 697, 3.65377
512, 698, 3.65211
512, 699, 3.64734
512, 700, 3.6454
512, 701, 3.64972
512, 702, 3.64798
512, 703, 3.64673
512, 704, 3.64845
512, 705, 3.6486
512, 706, 3.64958
512, 707, 3.64552
512, 708, 3.64675
512, 709, 3.64748
512, 710, 3.64525
512, 711, 3.64384
512, 712, 3.64508
512, 713, 3.64471
512, 714, 3.64273
512, 715, 3.64412
512, 716, 3.64152
512, 717, 3.64245
512, 718, 3.64152
512, 719, 3.64495
512, 720, 3.64621
512, 721, 3.64735
512, 722, 3.64495
512, 723, 3.64616
512, 724, 3.64313
512, 725, 3.65061
512, 726, 3.6502
512, 727, 3.6471
512, 728, 3.64918
512, 729, 3.64541
512, 730, 3.64536
512, 731, 3.64434
512, 732, 3.64487
512, 733, 3.64666
512, 734, 3.64805
512, 735, 3.64431
512, 736, 3.64286
512, 737, 3.64535
512, 738, 3.64988
512, 739, 3.64415
512, 740, 3.64786
512, 741, 3.64017
512, 742, 3.64487
512, 743, 3.64794
512, 744, 3.64677
512, 745, 3.64652
512, 746, 3.64305
512, 747, 3.64144
512, 748, 3.63829
512, 749, 3.63703
512, 750, 3.64208
512, 751, 3.63934
512, 752, 3.63991
512, 753, 3.64097
512, 754, 3.64392
512, 755, 3.64181
512, 756, 3.64186
512, 757, 3.64184
512, 758, 3.6396
512, 759, 3.64013
512, 760, 3.63889
512, 761, 3.64052
512, 762, 3.64262
512, 763, 3.63733
512, 764, 3.64086
512, 765, 3.64104
512, 766, 3.64553
512, 767, 3.64632
512, 768, 3.64336
512, 769, 3.64618
512, 770, 3.64238
512, 771, 3.64283
512, 772, 3.64764
512, 773, 3.64398
512, 774, 3.6457
512, 775, 3.64599
512, 776, 3.64459
512, 777, 3.64809
512, 778, 3.64524
512, 779, 3.64347
512, 780, 3.64191
512, 781, 3.64379
512, 782, 3.6397
512, 783, 3.64109
512, 784, 3.64322
512, 785, 3.64157
512, 786, 3.64044
512, 787, 3.63906
512, 788, 3.6422
512, 789, 3.6398700000000006
512, 790, 3.64065
512, 791, 3.64029
512, 792, 3.64386
512, 793, 3.64333
512, 794, 3.64035
512, 795, 3.64274
512, 796, 3.63959
512, 797, 3.64122
512, 798, 3.63766
512, 799, 3.64311
512, 800, 3.6411
512, 801, 3.64164
512, 802, 3.64697
512, 803, 3.63936
512, 804, 3.64034
512, 805, 3.64213
512, 806, 3.64416
512, 807, 3.64288
512, 808, 3.64481
512, 809, 3.64479
512, 810, 3.64502
512, 811, 3.64684
512, 812, 3.64079
512, 813, 3.63998
512, 814, 3.63941
512, 815, 3.63727
512, 816, 3.63868
512, 817, 3.63986
512, 818, 3.6389
512, 819, 3.64163
512, 820, 3.6388000000000007
512, 821, 3.6396499999999996
512, 822, 3.64011
512, 823, 3.63919
512, 824, 3.63832
512, 825, 3.63853
512, 826, 3.64335
512, 827, 3.64188
512, 828, 3.63798
512, 829, 3.63904
512, 830, 3.63963
512, 831, 3.63609
512, 832, 3.63949
512, 833, 3.63719
512, 834, 3.64161
512, 835, 3.63925
512, 836, 3.63249
512, 837, 3.63533
512, 838, 3.63833
512, 839, 3.63911
512, 840, 3.64001
512, 841, 3.64017
512, 842, 3.64068
512, 843, 3.63949
512, 844, 3.64139
512, 845, 3.64251
512, 846, 3.64691
512, 847, 3.64634
512, 848, 3.64495
512, 849, 3.64423
512, 850, 3.64132
512, 851, 3.64527
512, 852, 3.6430200000000013
512, 853, 3.64605
512, 854, 3.6437
512, 855, 3.64012
512, 856, 3.64208
512, 857, 3.64643
512, 858, 3.64433
512, 859, 3.64583
512, 860, 3.64435
512, 861, 3.64682
512, 862, 3.64772
512, 863, 3.6456
512, 864, 3.64838
512, 865, 3.64754
512, 866, 3.64598
512, 867, 3.65016
512, 868, 3.64484
512, 869, 3.64418
512, 870, 3.64467
512, 871, 3.6455
512, 872, 3.64144
512, 873, 3.64337
512, 874, 3.64028
512, 875, 3.64004
512, 876, 3.6439
512, 877, 3.64252
512, 878, 3.64181
512, 879, 3.64668
512, 880, 3.6489
512, 881, 3.64676
512, 882, 3.64707
512, 883, 3.64916
512, 884, 3.64513
512, 885, 3.64791
512, 886, 3.64487
512, 887, 3.6462
512, 888, 3.644
512, 889, 3.64273
512, 890, 3.64394
512, 891, 3.64736
512, 892, 3.65102
512, 893, 3.64968
512, 894, 3.64473
512, 895, 3.64635
512, 896, 3.64838
512, 897, 3.64685
512, 898, 3.6442
512, 899, 3.647
512, 900, 3.64957
512, 901, 3.64747
512, 902, 3.64284
512, 903, 3.64236
512, 904, 3.64355
512, 905, 3.64218
512, 906, 3.64592
512, 907, 3.64585
512, 908, 3.64489
512, 909, 3.64027
512, 910, 3.64172
512, 911, 3.6429
512, 912, 3.64347
512, 913, 3.64765
512, 914, 3.64521
512, 915, 3.64601
512, 916, 3.64641
512, 917, 3.64804
512, 918, 3.64631
512, 919, 3.64424
512, 920, 3.6433
512, 921, 3.64547
512, 922, 3.64517
512, 923, 3.64343
512, 924, 3.64144
512, 925, 3.64568
512, 926, 3.6482
512, 927, 3.65007
512, 928, 3.65062
512, 929, 3.64843
512, 930, 3.64846
512, 931, 3.64865
512, 932, 3.64731
512, 933, 3.64708
512, 934, 3.64896
512, 935, 3.64981
512, 936, 3.64584
512, 937, 3.64433
512, 938, 3.64476
512, 939, 3.64828
512, 940, 3.64938
512, 941, 3.65008
512, 942, 3.64837
512, 943, 3.64416
512, 944, 3.64558
512, 945, 3.6482
512, 946, 3.64442
512, 947, 3.64637
512, 948, 3.64421
512, 949, 3.6484
512, 950, 3.6457
512, 951, 3.65043
512, 952, 3.65085
512, 953, 3.64971
512, 954, 3.65018
512, 955, 3.65093
512, 956, 3.648
512, 957, 3.64501
512, 958, 3.64666
512, 959, 3.64767
512, 960, 3.64359
512, 961, 3.64976
512, 962, 3.64468
512, 963, 3.6418
512, 964, 3.64442
512, 965, 3.64358
512, 966, 3.64136
512, 967, 3.64358
512, 968, 3.64542
512, 969, 3.64729
512, 970, 3.64574
512, 971, 3.64915
512, 972, 3.64989
512, 973, 3.64802
512, 974, 3.64142
512, 975, 3.64223
512, 976, 3.64399
512, 977, 3.64477
512, 978, 3.64524
512, 979, 3.64415
512, 980, 3.64195
512, 981, 3.64359
512, 982, 3.64606
512, 983, 3.64397
512, 984, 3.6442
512, 985, 3.64063
512, 986, 3.64209
512, 987, 3.64361
512, 988, 3.64569
512, 989, 3.64396
512, 990, 3.64417
512, 991, 3.64011
512, 992, 3.64482
512, 993, 3.64669
512, 994, 3.64769
512, 995, 3.64607
512, 996, 3.64902
512, 997, 3.6439
512, 998, 3.64347
512, 999, 3.64603
512, 1000, 3.64417
512, 1001, 3.64341
512, 1002, 3.6454
512, 1003, 3.6411
512, 1004, 3.64407
512, 1005, 3.64314
512, 1006, 3.64346
512, 1007, 3.63969
512, 1008, 3.64168
512, 1009, 3.64139
512, 1010, 3.63932
512, 1011, 3.63806
512, 1012, 3.63946
512, 1013, 3.64001
512, 1014, 3.64122
512, 1015, 3.64137
512, 1016, 3.6447
512, 1017, 3.64194
512, 1018, 3.64168
512, 1019, 3.64448
512, 1020, 3.64269
512, 1021, 3.64299
512, 1022, 3.64161
512, 1023, 3.63922
512, 1024, 3.63462
