64, 10, 2.288169999999999
64, 11, 2.365930000000002
64, 12, 2.4364600000000003
64, 13, 2.4978900000000013
64, 14, 2.552600000000001
64, 15, 2.6016
64, 16, 2.6507799999999992
64, 17, 2.6899299999999995
64, 18, 2.727470000000001
64, 19, 2.760679999999999
64, 20, 2.79017
64, 21, 2.81686
64, 22, 2.83891
64, 23, 2.85527
64, 24, 2.874970000000001
64, 25, 2.89085
64, 26, 2.89877
64, 27, 2.90644
64, 28, 2.91867
64, 29, 2.92632
64, 30, 2.93126
64, 31, 2.93721
64, 32, 2.94016
64, 33, 2.94403
64, 34, 2.94738
64, 35, 2.951610000000001
64, 36, 2.95732
64, 37, 2.96233
64, 38, 2.9625100000000013
64, 39, 2.964910000000001
64, 40, 2.9691800000000006
64, 41, 2.97337
64, 42, 2.972860000000001
64, 43, 2.97393
64, 44, 2.97185
64, 45, 2.97075
64, 46, 2.97265
64, 47, 2.97023
64, 48, 2.974270000000001
64, 49, 2.97398
64, 50, 2.9750200000000007
64, 51, 2.9717300000000013
64, 52, 2.97069
64, 53, 2.97527
64, 54, 2.975629999999999
64, 55, 2.9753300000000014
64, 56, 2.97339
64, 57, 2.973649999999999
64, 58, 2.972629999999999
64, 59, 2.97845
64, 60, 2.9779700000000013
64, 61, 2.98176
64, 62, 2.9777600000000004
64, 63, 2.977689999999998
64, 64, 2.97597
64, 65, 2.9755
64, 66, 2.97376
64, 67, 2.97432
64, 68, 2.9726600000000007
64, 69, 2.97622
64, 70, 2.97444
64, 71, 2.97273
64, 72, 2.9728100000000004
64, 73, 2.97448
64, 74, 2.97838
64, 75, 2.97583
64, 76, 2.97688
64, 77, 2.97546
64, 78, 2.97795
64, 79, 2.97675
64, 80, 2.9735
64, 81, 2.9715
64, 82, 2.9729499999999995
64, 83, 2.97578
64, 84, 2.97227
64, 85, 2.97016
64, 86, 2.96941
64, 87, 2.9723499999999996
64, 88, 2.9698099999999994
64, 89, 2.97519
64, 90, 2.97531
64, 91, 2.9755399999999987
64, 92, 2.9757
64, 93, 2.98234
64, 94, 2.97801
64, 95, 2.97735
64, 96, 2.974409999999999
64, 97, 2.9721500000000005
64, 98, 2.97371
64, 99, 2.97282
64, 100, 2.97753
64, 101, 2.9797299999999995
64, 102, 2.9821599999999995
64, 103, 2.97464
64, 104, 2.97792
64, 105, 2.9751899999999996
64, 106, 2.96947
64, 107, 2.972390000000001
64, 108, 2.97255
64, 109, 2.97377
64, 110, 2.972999999999999
64, 111, 2.9700199999999994
64, 112, 2.969120000000001
64, 113, 2.97114
64, 114, 2.9726699999999995
64, 115, 2.97466
64, 116, 2.9788599999999996
64, 117, 2.974189999999999
64, 118, 2.9738300000000013
64, 119, 2.97581
64, 120, 2.9755700000000007
64, 121, 2.97526
64, 122, 2.97319
64, 123, 2.9724899999999996
64, 124, 2.9768099999999995
64, 125, 2.9726200000000005
64, 126, 2.9748600000000005
64, 127, 2.971519999999999
64, 128, 2.97317
128, 10, 2.2785100000000007
128, 11, 2.357689999999999
128, 12, 2.426169999999999
128, 13, 2.490120000000001
128, 14, 2.5548
128, 15, 2.6124699999999987
128, 16, 2.66701
128, 17, 2.71983
128, 18, 2.7651499999999993
128, 19, 2.81371
128, 20, 2.857050000000001
128, 21, 2.89993
128, 22, 2.93807
128, 23, 2.9721400000000004
128, 24, 3.0084999999999993
128, 25, 3.03848
128, 26, 3.06958
128, 27, 3.098260000000001
128, 28, 3.12835
128, 29, 3.15173
128, 30, 3.17838
128, 31, 3.20247
128, 32, 3.21863
128, 33, 3.24486
128, 34, 3.2666500000000007
128, 35, 3.27941
128, 36, 3.29357
128, 37, 3.30922
128, 38, 3.32211
128, 39, 3.33907
128, 40, 3.35402
128, 41, 3.36496
128, 42, 3.37658
128, 43, 3.38621
128, 44, 3.39481
128, 45, 3.40506
128, 46, 3.4100400000000004
128, 47, 3.41703
128, 48, 3.422
128, 49, 3.43114
128, 50, 3.43955
128, 51, 3.44404
128, 52, 3.4492600000000007
128, 53, 3.45212
128, 54, 3.46047
128, 55, 3.46813
128, 56, 3.46597
128, 57, 3.47183
128, 58, 3.47783
128, 59, 3.47866
128, 60, 3.48505
128, 61, 3.48942
128, 62, 3.49034
128, 63, 3.49292
128, 64, 3.49544
128, 65, 3.4967
128, 66, 3.50007
128, 67, 3.4998
128, 68, 3.5032
128, 69, 3.50165
128, 70, 3.50057
128, 71, 3.50568
128, 72, 3.50786
128, 73, 3.51237
128, 74, 3.50912
128, 75, 3.51077
128, 76, 3.5069
128, 77, 3.50788
128, 78, 3.50833
128, 79, 3.51265
128, 80, 3.51595
128, 81, 3.51291
128, 82, 3.51162
128, 83, 3.5153
128, 84, 3.512
128, 85, 3.51041
128, 86, 3.51572
128, 87, 3.5195
128, 88, 3.52079
128, 89, 3.51414
128, 90, 3.51597
128, 91, 3.517
128, 92, 3.51002
128, 93, 3.5129
128, 94, 3.5127
128, 95, 3.51135
128, 96, 3.51091
128, 97, 3.51088
128, 98, 3.51493
128, 99, 3.51406
128, 100, 3.50829
128, 101, 3.5113199999999987
128, 102, 3.50895
128, 103, 3.51143
128, 104, 3.51423
128, 105, 3.51334
128, 106, 3.51498
128, 107, 3.51409
128, 108, 3.51408
128, 109, 3.51132
128, 110, 3.51272
128, 111, 3.50886
128, 112, 3.51275
128, 113, 3.51717
128, 114, 3.5129900000000007
128, 115, 3.51392
128, 116, 3.51431
128, 117, 3.51342
128, 118, 3.51559
128, 119, 3.51697
128, 120, 3.51619
128, 121, 3.5142800000000007
128, 122, 3.51694
128, 123, 3.51367
128, 124, 3.5161
128, 125, 3.51345
128, 126, 3.51923
128, 127, 3.5192
128, 128, 3.51819
128, 129, 3.51342
128, 130, 3.51518
128, 131, 3.52035
128, 132, 3.51685
128, 133, 3.52142
128, 134, 3.51845
128, 135, 3.51896
128, 136, 3.51839
128, 137, 3.51969
128, 138, 3.51533
128, 139, 3.52015
128, 140, 3.51984
128, 141, 3.51948
128, 142, 3.51892
128, 143, 3.52168
128, 144, 3.52377
128, 145, 3.5259800000000006
128, 146, 3.5212
128, 147, 3.5212
128, 148, 3.5198
128, 149, 3.51865
128, 150, 3.52212
128, 151, 3.52262
128, 152, 3.51867
128, 153, 3.51922
128, 154, 3.52238
128, 155, 3.52139
128, 156, 3.51775
128, 157, 3.51411
128, 158, 3.5122099999999996
128, 159, 3.51391
128, 160, 3.51334
128, 161, 3.5137
128, 162, 3.51505
128, 163, 3.51302
128, 164, 3.51342
128, 165, 3.51358
128, 166, 3.51669
128, 167, 3.51915
128, 168, 3.5187
128, 169, 3.51592
128, 170, 3.51815
128, 171, 3.51667
128, 172, 3.517
128, 173, 3.51352
128, 174, 3.5121
128, 175, 3.51142
128, 176, 3.5116
128, 177, 3.51081
128, 178, 3.51387
128, 179, 3.51303
128, 180, 3.51004
128, 181, 3.51135
128, 182, 3.5075
128, 183, 3.51393
128, 184, 3.51429
128, 185, 3.51524
128, 186, 3.51442
128, 187, 3.5194
128, 188, 3.51608
128, 189, 3.51748
128, 190, 3.51652
128, 191, 3.51638
128, 192, 3.51776
128, 193, 3.5196899999999993
128, 194, 3.5203
128, 195, 3.52266
128, 196, 3.52429
128, 197, 3.5207
128, 198, 3.51883
128, 199, 3.52207
128, 200, 3.5180900000000004
128, 201, 3.52307
128, 202, 3.51939
128, 203, 3.52187
128, 204, 3.51979
128, 205, 3.52237
128, 206, 3.52188
128, 207, 3.52236
128, 208, 3.52141
128, 209, 3.51796
128, 210, 3.52463
128, 211, 3.52245
128, 212, 3.52469
128, 213, 3.52304
128, 214, 3.5255
128, 215, 3.523
128, 216, 3.5219
128, 217, 3.52345
128, 218, 3.52063
128, 219, 3.52095
128, 220, 3.52319
128, 221, 3.51816
128, 222, 3.52098
128, 223, 3.51863
128, 224, 3.51565
128, 225, 3.51739
128, 226, 3.51734
128, 227, 3.5175
128, 228, 3.51675
128, 229, 3.51243
128, 230, 3.5149
128, 231, 3.5155
128, 232, 3.51531
128, 233, 3.51609
128, 234, 3.51697
128, 235, 3.51912
128, 236, 3.51609
128, 237, 3.51403
128, 238, 3.51457
128, 239, 3.51406
128, 240, 3.51558
128, 241, 3.51895
128, 242, 3.51525
128, 243, 3.51508
128, 244, 3.51552
128, 245, 3.52096
128, 246, 3.51744
128, 247, 3.51705
128, 248, 3.51733
128, 249, 3.51701
128, 250, 3.51576
128, 251, 3.51757
128, 252, 3.51429
128, 253, 3.51666
128, 254, 3.5153099999999995
128, 255, 3.51433
128, 256, 3.51187
256, 10, 2.2713300000000003
256, 11, 2.3531500000000007
256, 12, 2.4261899999999996
256, 13, 2.4904100000000007
256, 14, 2.551149999999999
256, 15, 2.6048800000000014
256, 16, 2.659599999999999
256, 17, 2.70663
256, 18, 2.7558200000000004
256, 19, 2.80158
256, 20, 2.8454299999999995
256, 21, 2.8852499999999988
256, 22, 2.9243099999999993
256, 23, 2.968109999999999
256, 24, 3.00404
256, 25, 3.03753
256, 26, 3.06606
256, 27, 3.09884
256, 28, 3.1340400000000006
256, 29, 3.16679
256, 30, 3.19384
256, 31, 3.2251299999999996
256, 32, 3.25041
256, 33, 3.27546
256, 34, 3.30263
256, 35, 3.32626
256, 36, 3.34642
256, 37, 3.37309
256, 38, 3.39646
256, 39, 3.42145
256, 40, 3.44618
256, 41, 3.46574
256, 42, 3.48406
256, 43, 3.50058
256, 44, 3.52023
256, 45, 3.54077
256, 46, 3.56071
256, 47, 3.57583
256, 48, 3.59153
256, 49, 3.61413
256, 50, 3.62899
256, 51, 3.64412
256, 52, 3.65401
256, 53, 3.66744
256, 54, 3.68638
256, 55, 3.69797
256, 56, 3.71311
256, 57, 3.72689
256, 58, 3.7368
256, 59, 3.75075
256, 60, 3.76334
256, 61, 3.77618
256, 62, 3.7861
256, 63, 3.79826
256, 64, 3.80906
256, 65, 3.81964
256, 66, 3.82641
256, 67, 3.84088
256, 68, 3.84734
256, 69, 3.85554
256, 70, 3.86674
256, 71, 3.87585
256, 72, 3.88778
256, 73, 3.88635
256, 74, 3.89355
256, 75, 3.90568
256, 76, 3.91267
256, 77, 3.9238
256, 78, 3.92626
256, 79, 3.93198
256, 80, 3.94227
256, 81, 3.94404
256, 82, 3.95188
256, 83, 3.9545
256, 84, 3.95958
256, 85, 3.9637
256, 86, 3.96853
256, 87, 3.97332
256, 88, 3.97238
256, 89, 3.9768
256, 90, 3.98543
256, 91, 3.98527
256, 92, 3.9906200000000007
256, 93, 3.9955299999999996
256, 94, 3.9983700000000004
256, 95, 4.003810000000001
256, 96, 4.009750000000001
256, 97, 4.011549999999998
256, 98, 4.012560000000001
256, 99, 4.01714
256, 100, 4.02308
256, 101, 4.026459999999999
256, 102, 4.028789999999999
256, 103, 4.029890000000004
256, 104, 4.033430000000001
256, 105, 4.033909999999998
256, 106, 4.0368400000000015
256, 107, 4.034409999999999
256, 108, 4.042599999999998
256, 109, 4.04595
256, 110, 4.04761
256, 111, 4.04774
256, 112, 4.044230000000003
256, 113, 4.04944
256, 114, 4.051400000000002
256, 115, 4.0500500000000015
256, 116, 4.055119999999996
256, 117, 4.057110000000003
256, 118, 4.0552199999999985
256, 119, 4.058489999999999
256, 120, 4.058419999999998
256, 121, 4.06251
256, 122, 4.059609999999999
256, 123, 4.059980000000001
256, 124, 4.060919999999999
256, 125, 4.062280000000001
256, 126, 4.064630000000003
256, 127, 4.059860000000001
256, 128, 4.06281
256, 129, 4.06354
256, 130, 4.066320000000001
256, 131, 4.064950000000001
256, 132, 4.066330000000001
256, 133, 4.0686800000000005
256, 134, 4.067520000000003
256, 135, 4.0661
256, 136, 4.066740000000003
256, 137, 4.0645
256, 138, 4.069559999999999
256, 139, 4.069870000000001
256, 140, 4.071179999999998
256, 141, 4.0742899999999995
256, 142, 4.071319999999999
256, 143, 4.07089
256, 144, 4.072300000000002
256, 145, 4.07334
256, 146, 4.07748
256, 147, 4.081339999999999
256, 148, 4.080039999999999
256, 149, 4.0794200000000025
256, 150, 4.076589999999998
256, 151, 4.079959999999998
256, 152, 4.0800100000000015
256, 153, 4.078100000000003
256, 154, 4.0786099999999985
256, 155, 4.0774000000000035
256, 156, 4.078529999999997
256, 157, 4.077730000000001
256, 158, 4.078490000000001
256, 159, 4.0781
256, 160, 4.076720000000001
256, 161, 4.075590000000002
256, 162, 4.077080000000004
256, 163, 4.0819100000000015
256, 164, 4.07945
256, 165, 4.086720000000002
256, 166, 4.084030000000002
256, 167, 4.08157
256, 168, 4.082749999999999
256, 169, 4.08666
256, 170, 4.083460000000001
256, 171, 4.0825900000000015
256, 172, 4.08675
256, 173, 4.086199999999999
256, 174, 4.0870500000000005
256, 175, 4.083830000000001
256, 176, 4.083120000000002
256, 177, 4.086340000000002
256, 178, 4.085190000000001
256, 179, 4.079850000000001
256, 180, 4.08112
256, 181, 4.07925
256, 182, 4.083450000000001
256, 183, 4.0802299999999985
256, 184, 4.08192
256, 185, 4.081420000000001
256, 186, 4.08479
256, 187, 4.084579999999998
256, 188, 4.0854
256, 189, 4.086539999999997
256, 190, 4.08423
256, 191, 4.088670000000001
256, 192, 4.088119999999999
256, 193, 4.089609999999997
256, 194, 4.089409999999996
256, 195, 4.088129999999998
256, 196, 4.09095
256, 197, 4.08931
256, 198, 4.083579999999999
256, 199, 4.087269999999998
256, 200, 4.088299999999997
256, 201, 4.08334
256, 202, 4.08534
256, 203, 4.085969999999999
256, 204, 4.0848599999999955
256, 205, 4.084810000000001
256, 206, 4.086129999999999
256, 207, 4.087820000000002
256, 208, 4.089879999999997
256, 209, 4.0886400000000025
256, 210, 4.087979999999999
256, 211, 4.08899
256, 212, 4.090220000000001
256, 213, 4.086780000000001
256, 214, 4.083470000000001
256, 215, 4.086599999999995
256, 216, 4.09127
256, 217, 4.088860000000001
256, 218, 4.0913400000000015
256, 219, 4.092529999999997
256, 220, 4.09075
256, 221, 4.09252
256, 222, 4.09475
256, 223, 4.087739999999998
256, 224, 4.090649999999999
256, 225, 4.086739999999997
256, 226, 4.09015
256, 227, 4.090020000000001
256, 228, 4.087879999999998
256, 229, 4.091749999999997
256, 230, 4.089479999999999
256, 231, 4.088450000000002
256, 232, 4.085280000000003
256, 233, 4.082010000000002
256, 234, 4.088339999999999
256, 235, 4.0881099999999995
256, 236, 4.087939999999998
256, 237, 4.0874900000000025
256, 238, 4.0859999999999985
256, 239, 4.088349999999999
256, 240, 4.090350000000001
256, 241, 4.09032
256, 242, 4.09272
256, 243, 4.092950000000001
256, 244, 4.087830000000001
256, 245, 4.08769
256, 246, 4.08876
256, 247, 4.087610000000005
256, 248, 4.085680000000001
256, 249, 4.091349999999998
256, 250, 4.088940000000002
256, 251, 4.088009999999997
256, 252, 4.0870700000000015
256, 253, 4.085250000000004
256, 254, 4.0824500000000015
256, 255, 4.0838699999999974
256, 256, 4.088860000000002
256, 257, 4.083669999999999
256, 258, 4.08388
256, 259, 4.086419999999999
256, 260, 4.084190000000001
256, 261, 4.086710000000002
256, 262, 4.089880000000001
256, 263, 4.0862
256, 264, 4.084949999999997
256, 265, 4.089789999999998
256, 266, 4.086900000000001
256, 267, 4.082520000000003
256, 268, 4.085459999999999
256, 269, 4.0816099999999995
256, 270, 4.082740000000006
256, 271, 4.086229999999997
256, 272, 4.082910000000001
256, 273, 4.082190000000003
256, 274, 4.08405
256, 275, 4.087099999999997
256, 276, 4.087450000000001
256, 277, 4.085159999999998
256, 278, 4.081999999999998
256, 279, 4.087970000000002
256, 280, 4.088770000000002
256, 281, 4.08739
256, 282, 4.08733
256, 283, 4.08796
256, 284, 4.08836
256, 285, 4.08866
256, 286, 4.086250000000001
256, 287, 4.089639999999999
256, 288, 4.09139
256, 289, 4.090610000000001
256, 290, 4.0935700000000015
256, 291, 4.088560000000001
256, 292, 4.0852900000000005
256, 293, 4.08628
256, 294, 4.0879900000000005
256, 295, 4.084820000000002
256, 296, 4.083019999999999
256, 297, 4.085580000000002
256, 298, 4.083569999999999
256, 299, 4.080119999999998
256, 300, 4.079280000000003
256, 301, 4.088860000000002
256, 302, 4.088190000000001
256, 303, 4.0874999999999995
256, 304, 4.085530000000003
256, 305, 4.086209999999998
256, 306, 4.087290000000001
256, 307, 4.083999999999998
256, 308, 4.0844400000000025
256, 309, 4.086089999999999
256, 310, 4.086239999999997
256, 311, 4.08349
256, 312, 4.086979999999996
256, 313, 4.088559999999998
256, 314, 4.087549999999998
256, 315, 4.087759999999999
256, 316, 4.090120000000003
256, 317, 4.088150000000001
256, 318, 4.088229999999999
256, 319, 4.09053
256, 320, 4.08675
256, 321, 4.0901700000000005
256, 322, 4.0896599999999985
256, 323, 4.089699999999998
256, 324, 4.086649999999996
256, 325, 4.08596
256, 326, 4.08599
256, 327, 4.0875200000000005
256, 328, 4.082030000000001
256, 329, 4.084489999999997
256, 330, 4.08363
256, 331, 4.088629999999998
256, 332, 4.086419999999999
256, 333, 4.0835399999999975
256, 334, 4.083749999999998
256, 335, 4.08565
256, 336, 4.089010000000003
256, 337, 4.087849999999999
256, 338, 4.088619999999998
256, 339, 4.087790000000003
256, 340, 4.0843
256, 341, 4.086720000000001
256, 342, 4.086400000000004
256, 343, 4.0852200000000005
256, 344, 4.079939999999997
256, 345, 4.084359999999999
256, 346, 4.082829999999999
256, 347, 4.081319999999998
256, 348, 4.08684
256, 349, 4.083989999999999
256, 350, 4.082550000000003
256, 351, 4.087760000000002
256, 352, 4.0867799999999965
256, 353, 4.087409999999998
256, 354, 4.088699999999998
256, 355, 4.085050000000001
256, 356, 4.088410000000001
256, 357, 4.08682
256, 358, 4.091280000000002
256, 359, 4.089369999999998
256, 360, 4.089890000000001
256, 361, 4.08923
256, 362, 4.086089999999999
256, 363, 4.0842199999999975
256, 364, 4.081969999999998
256, 365, 4.07985
256, 366, 4.0825
256, 367, 4.078689999999999
256, 368, 4.082229999999998
256, 369, 4.075920000000003
256, 370, 4.076579999999997
256, 371, 4.07997
256, 372, 4.076549999999998
256, 373, 4.08189
256, 374, 4.082290000000003
256, 375, 4.08222
256, 376, 4.079810000000001
256, 377, 4.08211
256, 378, 4.08299
256, 379, 4.08468
256, 380, 4.083159999999997
256, 381, 4.08457
256, 382, 4.084340000000001
256, 383, 4.083610000000001
256, 384, 4.086280000000003
256, 385, 4.086590000000003
256, 386, 4.083429999999997
256, 387, 4.08961
256, 388, 4.088410000000001
256, 389, 4.08563
256, 390, 4.087160000000001
256, 391, 4.0863299999999985
256, 392, 4.08307
256, 393, 4.083329999999999
256, 394, 4.082210000000004
256, 395, 4.086849999999997
256, 396, 4.087510000000001
256, 397, 4.085900000000002
256, 398, 4.084719999999999
256, 399, 4.086779999999998
256, 400, 4.08771
256, 401, 4.086280000000001
256, 402, 4.086759999999997
256, 403, 4.085259999999999
256, 404, 4.08242
256, 405, 4.083690000000006
256, 406, 4.0869599999999995
256, 407, 4.0873599999999985
256, 408, 4.086709999999997
256, 409, 4.088539999999999
256, 410, 4.09104
256, 411, 4.087539999999999
256, 412, 4.089010000000004
256, 413, 4.090319999999999
256, 414, 4.090769999999999
256, 415, 4.093260000000002
256, 416, 4.090319999999998
256, 417, 4.0867099999999965
256, 418, 4.089219999999999
256, 419, 4.08628
256, 420, 4.086169999999999
256, 421, 4.090940000000002
256, 422, 4.090900000000001
256, 423, 4.092289999999996
256, 424, 4.0886999999999984
256, 425, 4.086920000000002
256, 426, 4.089919999999997
256, 427, 4.0917
256, 428, 4.092509999999999
256, 429, 4.08564
256, 430, 4.083590000000001
256, 431, 4.08716
256, 432, 4.092
256, 433, 4.090860000000001
256, 434, 4.089600000000003
256, 435, 4.091939999999995
256, 436, 4.094959999999998
256, 437, 4.091189999999999
256, 438, 4.09142
256, 439, 4.09032
256, 440, 4.091719999999999
256, 441, 4.0917400000000015
256, 442, 4.0918399999999995
256, 443, 4.086750000000002
256, 444, 4.085309999999998
256, 445, 4.085369999999999
256, 446, 4.0825200000000015
256, 447, 4.083340000000005
256, 448, 4.079310000000001
256, 449, 4.08166
256, 450, 4.0851900000000025
256, 451, 4.085119999999998
256, 452, 4.085140000000001
256, 453, 4.083949999999999
256, 454, 4.0813
256, 455, 4.082460000000005
256, 456, 4.0835199999999965
256, 457, 4.083469999999998
256, 458, 4.08073
256, 459, 4.0824099999999985
256, 460, 4.081459999999999
256, 461, 4.082300000000003
256, 462, 4.081029999999999
256, 463, 4.0810699999999995
256, 464, 4.083429999999999
256, 465, 4.0809099999999985
256, 466, 4.081529999999998
256, 467, 4.083570000000001
256, 468, 4.08328
256, 469, 4.080710000000001
256, 470, 4.083420000000002
256, 471, 4.081659999999999
256, 472, 4.081399999999998
256, 473, 4.084519999999999
256, 474, 4.085619999999999
256, 475, 4.083690000000001
256, 476, 4.0821599999999965
256, 477, 4.0847
256, 478, 4.084769999999999
256, 479, 4.0827300000000015
256, 480, 4.08442
256, 481, 4.08584
256, 482, 4.082969999999997
256, 483, 4.083880000000002
256, 484, 4.08428
256, 485, 4.084
256, 486, 4.08285
256, 487, 4.082540000000001
256, 488, 4.08339
256, 489, 4.085489999999999
256, 490, 4.087219999999998
256, 491, 4.08284
256, 492, 4.086720000000002
256, 493, 4.088199999999998
256, 494, 4.08429
256, 495, 4.08926
256, 496, 4.091440000000003
256, 497, 4.089949999999998
256, 498, 4.092449999999999
256, 499, 4.086359999999998
256, 500, 4.08916
256, 501, 4.093820000000003
256, 502, 4.094639999999998
256, 503, 4.090040000000002
256, 504, 4.089579999999996
256, 505, 4.09154
256, 506, 4.0920200000000015
256, 507, 4.094260000000002
256, 508, 4.0917200000000005
256, 509, 4.088129999999998
256, 510, 4.089429999999999
256, 511, 4.08908
256, 512, 4.08872
512, 10, 2.270120000000001
512, 11, 2.35065
512, 12, 2.4174599999999984
512, 13, 2.4844299999999993
512, 14, 2.54622
512, 15, 2.6049200000000012
512, 16, 2.655540000000001
512, 17, 2.70852
512, 18, 2.75707
512, 19, 2.803790000000001
512, 20, 2.8429699999999993
512, 21, 2.88451
512, 22, 2.9232499999999995
512, 23, 2.96167
512, 24, 2.9966699999999995
512, 25, 3.03201
512, 26, 3.06479
512, 27, 3.09432
512, 28, 3.13034
512, 29, 3.16112
512, 30, 3.1898900000000006
512, 31, 3.2221200000000008
512, 32, 3.24586
512, 33, 3.2743399999999996
512, 34, 3.29713
512, 35, 3.32483
512, 36, 3.34698
512, 37, 3.36889
512, 38, 3.39596
512, 39, 3.41901
512, 40, 3.4386
512, 41, 3.45848
512, 42, 3.47961
512, 43, 3.49841
512, 44, 3.52332
512, 45, 3.54007
512, 46, 3.56192
512, 47, 3.57777
512, 48, 3.59482
512, 49, 3.6142
512, 50, 3.62799
512, 51, 3.64513
512, 52, 3.66159
512, 53, 3.67905
512, 54, 3.69238
512, 55, 3.71095
512, 56, 3.72892
512, 57, 3.74253
512, 58, 3.75995
512, 59, 3.77702
512, 60, 3.79129
512, 61, 3.80327
512, 62, 3.81611
512, 63, 3.82591
512, 64, 3.8437
512, 65, 3.85861
512, 66, 3.87309
512, 67, 3.88724
512, 68, 3.89733
512, 69, 3.91081
512, 70, 3.92339
512, 71, 3.9354
512, 72, 3.94824
512, 73, 3.96001
512, 74, 3.96859
512, 75, 3.98168
512, 76, 3.99263
512, 77, 4.00193
512, 78, 4.014879999999997
512, 79, 4.023310000000002
512, 80, 4.03612
512, 81, 4.046750000000002
512, 82, 4.059560000000001
512, 83, 4.069549999999997
512, 84, 4.0791499999999985
512, 85, 4.090089999999997
512, 86, 4.0971699999999975
512, 87, 4.109729999999999
512, 88, 4.120049999999997
512, 89, 4.128410000000001
512, 90, 4.136430000000001
512, 91, 4.148560000000002
512, 92, 4.1586599999999985
512, 93, 4.165710000000002
512, 94, 4.171069999999999
512, 95, 4.185170000000001
512, 96, 4.190809999999999
512, 97, 4.199859999999998
512, 98, 4.207760000000002
512, 99, 4.211999999999999
512, 100, 4.222849999999999
512, 101, 4.232349999999999
512, 102, 4.240739999999997
512, 103, 4.249050000000002
512, 104, 4.256140000000002
512, 105, 4.260770000000001
512, 106, 4.26391
512, 107, 4.27361
512, 108, 4.280799999999999
512, 109, 4.285739999999999
512, 110, 4.296230000000003
512, 111, 4.303159999999998
512, 112, 4.310409999999999
512, 113, 4.31964
512, 114, 4.324570000000001
512, 115, 4.329579999999997
512, 116, 4.33588
512, 117, 4.337379999999998
512, 118, 4.347020000000001
512, 119, 4.357220000000001
512, 120, 4.3586399999999985
512, 121, 4.367649999999999
512, 122, 4.3738100000000015
512, 123, 4.377099999999999
512, 124, 4.3835
512, 125, 4.390039999999998
512, 126, 4.3954400000000025
512, 127, 4.398519999999999
512, 128, 4.40674
512, 129, 4.408520000000001
512, 130, 4.41466
512, 131, 4.41815
512, 132, 4.423330000000003
512, 133, 4.426490000000002
512, 134, 4.43027
512, 135, 4.43599
512, 136, 4.44144
512, 137, 4.444229999999998
512, 138, 4.448610000000002
512, 139, 4.449959999999997
512, 140, 4.459039999999997
512, 141, 4.462559999999999
512, 142, 4.467000000000002
512, 143, 4.4688300000000005
512, 144, 4.46914
512, 145, 4.475389999999997
512, 146, 4.47828
512, 147, 4.479010000000001
512, 148, 4.48452
512, 149, 4.490300000000001
512, 150, 4.49159
512, 151, 4.4962100000000005
512, 152, 4.49823
512, 153, 4.501459999999999
512, 154, 4.506990000000005
512, 155, 4.51156
512, 156, 4.51153
512, 157, 4.516350000000002
512, 158, 4.520099999999997
512, 159, 4.519449999999999
512, 160, 4.52507
512, 161, 4.529059999999999
512, 162, 4.533499999999999
512, 163, 4.536160000000001
512, 164, 4.536719999999999
512, 165, 4.53848
512, 166, 4.540070000000002
512, 167, 4.54376
512, 168, 4.545589999999996
512, 169, 4.546500000000001
512, 170, 4.548060000000001
512, 171, 4.55322
512, 172, 4.557880000000002
512, 173, 4.557209999999999
512, 174, 4.559290000000002
512, 175, 4.561299999999998
512, 176, 4.5631200000000005
512, 177, 4.5683
512, 178, 4.570670000000003
512, 179, 4.574050000000001
512, 180, 4.57678
512, 181, 4.57699
512, 182, 4.579459999999999
512, 183, 4.576599999999999
512, 184, 4.581549999999997
512, 185, 4.5825200000000015
512, 186, 4.583180000000001
512, 187, 4.5822899999999995
512, 188, 4.5835599999999985
512, 189, 4.5814
512, 190, 4.582819999999999
512, 191, 4.59129
512, 192, 4.591789999999998
512, 193, 4.592489999999998
512, 194, 4.594259999999997
512, 195, 4.598139999999999
512, 196, 4.60075
512, 197, 4.603879999999999
512, 198, 4.6053099999999985
512, 199, 4.604869999999999
512, 200, 4.608139999999997
512, 201, 4.6083300000000005
512, 202, 4.607049999999999
512, 203, 4.612539999999997
512, 204, 4.614769999999999
512, 205, 4.614759999999998
512, 206, 4.613339999999996
512, 207, 4.61605
512, 208, 4.618359999999999
512, 209, 4.61782
512, 210, 4.617899999999997
512, 211, 4.616640000000002
512, 212, 4.621569999999999
512, 213, 4.6209200000000035
512, 214, 4.624780000000002
512, 215, 4.626340000000001
512, 216, 4.6299600000000005
512, 217, 4.629249999999999
512, 218, 4.62932
512, 219, 4.624670000000001
512, 220, 4.627239999999999
512, 221, 4.629280000000001
512, 222, 4.63097
512, 223, 4.631490000000001
512, 224, 4.633870000000002
512, 225, 4.631070000000003
512, 226, 4.629349999999997
512, 227, 4.632879999999999
512, 228, 4.63484
512, 229, 4.634079999999997
512, 230, 4.636759999999998
512, 231, 4.634399999999999
512, 232, 4.635970000000001
512, 233, 4.6328
512, 234, 4.63535
512, 235, 4.635719999999998
512, 236, 4.638760000000002
512, 237, 4.635959999999997
512, 238, 4.638169999999998
512, 239, 4.637989999999999
512, 240, 4.642570000000001
512, 241, 4.643179999999997
512, 242, 4.64635
512, 243, 4.64427
512, 244, 4.645450000000003
512, 245, 4.64941
512, 246, 4.644659999999999
512, 247, 4.6473200000000014
512, 248, 4.649489999999999
512, 249, 4.651940000000001
512, 250, 4.651270000000001
512, 251, 4.652380000000001
512, 252, 4.654050000000002
512, 253, 4.655829999999999
512, 254, 4.652800000000001
512, 255, 4.65232
512, 256, 4.655480000000002
512, 257, 4.655560000000002
512, 258, 4.65664
512, 259, 4.654790000000002
512, 260, 4.657289999999999
512, 261, 4.65376
512, 262, 4.652000000000001
512, 263, 4.652520000000001
512, 264, 4.653430000000002
512, 265, 4.653430000000002
512, 266, 4.654750000000001
512, 267, 4.650360000000003
512, 268, 4.652740000000001
512, 269, 4.6548399999999965
512, 270, 4.652740000000001
512, 271, 4.65777
512, 272, 4.6599499999999985
512, 273, 4.656110000000001
512, 274, 4.656009999999998
512, 275, 4.656909999999998
512, 276, 4.659150000000003
512, 277, 4.65706
512, 278, 4.6596699999999975
512, 279, 4.6579500000000005
512, 280, 4.662710000000001
512, 281, 4.65781
512, 282, 4.6582599999999985
512, 283, 4.657789999999995
512, 284, 4.658119999999999
512, 285, 4.6615400000000005
512, 286, 4.66377
512, 287, 4.6632299999999995
512, 288, 4.657900000000002
512, 289, 4.658489999999999
512, 290, 4.660399999999998
512, 291, 4.66004
512, 292, 4.660759999999998
512, 293, 4.6614299999999975
512, 294, 4.662169999999998
512, 295, 4.659149999999998
512, 296, 4.657320000000002
512, 297, 4.6556099999999985
512, 298, 4.658490000000003
512, 299, 4.660140000000001
512, 300, 4.661140000000002
512, 301, 4.66021
512, 302, 4.663479999999999
512, 303, 4.65976
512, 304, 4.659570000000002
512, 305, 4.66028
512, 306, 4.659449999999997
512, 307, 4.6639399999999975
512, 308, 4.6654199999999975
512, 309, 4.66527
512, 310, 4.661249999999997
512, 311, 4.658009999999998
512, 312, 4.66199
512, 313, 4.66121
512, 314, 4.6622400000000015
512, 315, 4.665370000000001
512, 316, 4.66487
512, 317, 4.66461
512, 318, 4.664569999999999
512, 319, 4.666520000000001
512, 320, 4.664379999999999
512, 321, 4.66383
512, 322, 4.661660000000001
512, 323, 4.66368
512, 324, 4.663209999999998
512, 325, 4.6647599999999985
512, 326, 4.665280000000002
512, 327, 4.660950000000001
512, 328, 4.662140000000001
512, 329, 4.664230000000001
512, 330, 4.664329999999999
512, 331, 4.665440000000001
512, 332, 4.663549999999999
512, 333, 4.664669999999999
512, 334, 4.661339999999998
512, 335, 4.662739999999997
512, 336, 4.662909999999999
512, 337, 4.66027
512, 338, 4.66067
512, 339, 4.662890000000001
512, 340, 4.663399999999999
512, 341, 4.669629999999999
512, 342, 4.669509999999998
512, 343, 4.6677300000000015
512, 344, 4.673310000000001
512, 345, 4.67246
512, 346, 4.672890000000002
512, 347, 4.67135
512, 348, 4.6635399999999985
512, 349, 4.671069999999999
512, 350, 4.666059999999999
512, 351, 4.66848
512, 352, 4.66813
512, 353, 4.667680000000001
512, 354, 4.665929999999998
512, 355, 4.667219999999999
512, 356, 4.668210000000002
512, 357, 4.664759999999998
512, 358, 4.666580000000001
512, 359, 4.658320000000002
512, 360, 4.65952
512, 361, 4.664050000000002
512, 362, 4.66597
512, 363, 4.66326
512, 364, 4.669449999999998
512, 365, 4.6651799999999986
512, 366, 4.668659999999998
512, 367, 4.66451
512, 368, 4.66757
512, 369, 4.666930000000001
512, 370, 4.662969999999998
512, 371, 4.66058
512, 372, 4.666919999999997
512, 373, 4.664790000000001
512, 374, 4.66547
512, 375, 4.66449
512, 376, 4.6625599999999965
512, 377, 4.665539999999999
512, 378, 4.66286
512, 379, 4.663160000000003
512, 380, 4.66211
512, 381, 4.665100000000001
512, 382, 4.66722
512, 383, 4.66441
512, 384, 4.664199999999998
512, 385, 4.665600000000003
512, 386, 4.6688399999999985
512, 387, 4.667309999999998
512, 388, 4.673429999999999
512, 389, 4.666550000000001
512, 390, 4.67081
512, 391, 4.670710000000003
512, 392, 4.66678
512, 393, 4.66863
512, 394, 4.663009999999996
512, 395, 4.663419999999999
512, 396, 4.66698
512, 397, 4.6687
512, 398, 4.667839999999999
512, 399, 4.664400000000002
512, 400, 4.6662799999999995
512, 401, 4.666430000000001
512, 402, 4.663809999999998
512, 403, 4.665040000000002
512, 404, 4.665680000000001
512, 405, 4.664709999999999
512, 406, 4.663080000000001
512, 407, 4.662880000000002
512, 408, 4.665210000000001
512, 409, 4.665579999999997
512, 410, 4.66344
512, 411, 4.664529999999998
512, 412, 4.666069999999999
512, 413, 4.66229
512, 414, 4.66218
512, 415, 4.662880000000002
512, 416, 4.66417
512, 417, 4.662610000000001
512, 418, 4.661139999999998
512, 419, 4.666940000000002
512, 420, 4.67083
512, 421, 4.6685000000000025
512, 422, 4.6675900000000015
512, 423, 4.668379999999998
512, 424, 4.670259999999999
512, 425, 4.67337
512, 426, 4.671429999999997
512, 427, 4.67412
512, 428, 4.668040000000002
512, 429, 4.66754
512, 430, 4.661509999999999
512, 431, 4.662930000000001
512, 432, 4.6654300000000015
512, 433, 4.667020000000001
512, 434, 4.666610000000001
512, 435, 4.666130000000001
512, 436, 4.666510000000002
512, 437, 4.666210000000001
512, 438, 4.667440000000001
512, 439, 4.6664499999999975
512, 440, 4.6674000000000015
512, 441, 4.665749999999999
512, 442, 4.663250000000001
512, 443, 4.663979999999999
512, 444, 4.663900000000001
512, 445, 4.66793
512, 446, 4.662820000000003
512, 447, 4.6639200000000045
512, 448, 4.662099999999998
512, 449, 4.6645699999999986
512, 450, 4.667280000000001
512, 451, 4.665680000000001
512, 452, 4.66123
512, 453, 4.661739999999997
512, 454, 4.6660400000000015
512, 455, 4.668419999999999
512, 456, 4.6663
512, 457, 4.670630000000002
512, 458, 4.668199999999998
512, 459, 4.667310000000001
512, 460, 4.665779999999999
512, 461, 4.663549999999998
512, 462, 4.66538
512, 463, 4.663129999999999
512, 464, 4.666169999999999
512, 465, 4.664480000000003
512, 466, 4.665340000000001
512, 467, 4.6630600000000015
512, 468, 4.660159999999999
512, 469, 4.66032
512, 470, 4.657059999999999
512, 471, 4.6587999999999985
512, 472, 4.660540000000001
512, 473, 4.663650000000001
512, 474, 4.66401
512, 475, 4.663760000000003
512, 476, 4.663930000000001
512, 477, 4.662360000000001
512, 478, 4.65909
512, 479, 4.660860000000001
512, 480, 4.660879999999998
512, 481, 4.661109999999998
512, 482, 4.66393
512, 483, 4.665229999999998
512, 484, 4.6648400000000025
512, 485, 4.661080000000001
512, 486, 4.659210000000002
512, 487, 4.6615600000000015
512, 488, 4.664580000000003
512, 489, 4.6613500000000005
512, 490, 4.6632799999999985
512, 491, 4.6655299999999995
512, 492, 4.665480000000001
512, 493, 4.667699999999997
512, 494, 4.66808
512, 495, 4.670000000000001
512, 496, 4.670339999999995
512, 497, 4.670280000000001
512, 498, 4.6756899999999995
512, 499, 4.669960000000001
512, 500, 4.667749999999999
512, 501, 4.666530000000002
512, 502, 4.663540000000002
512, 503, 4.667949999999999
512, 504, 4.664979999999999
512, 505, 4.668299999999999
512, 506, 4.66788
512, 507, 4.67129
512, 508, 4.668099999999997
512, 509, 4.66998
512, 510, 4.66893
512, 511, 4.67132
512, 512, 4.674239999999998
512, 513, 4.6704
512, 514, 4.671920000000001
512, 515, 4.6703100000000015
512, 516, 4.66809
512, 517, 4.66935
512, 518, 4.670649999999999
512, 519, 4.669290000000002
512, 520, 4.6719
512, 521, 4.67128
512, 522, 4.667519999999999
512, 523, 4.6710699999999985
512, 524, 4.665989999999998
512, 525, 4.6663999999999985
512, 526, 4.670289999999997
512, 527, 4.6670700000000025
512, 528, 4.6675400000000025
512, 529, 4.667119999999996
512, 530, 4.665650000000001
512, 531, 4.662259999999998
512, 532, 4.66401
512, 533, 4.662969999999999
512, 534, 4.66463
512, 535, 4.664599999999998
512, 536, 4.667719999999999
512, 537, 4.6685700000000026
512, 538, 4.665590000000001
512, 539, 4.665360000000001
512, 540, 4.666649999999998
512, 541, 4.668050000000001
512, 542, 4.668800000000004
512, 543, 4.671959999999999
512, 544, 4.672179999999998
512, 545, 4.671939999999998
512, 546, 4.669439999999998
512, 547, 4.668689999999999
512, 548, 4.669040000000001
512, 549, 4.66633
512, 550, 4.66411
512, 551, 4.667659999999999
512, 552, 4.666410000000001
512, 553, 4.668990000000002
512, 554, 4.67015
512, 555, 4.6735999999999995
512, 556, 4.672690000000002
512, 557, 4.671569999999999
512, 558, 4.66917
512, 559, 4.668110000000003
512, 560, 4.6689300000000005
512, 561, 4.670850000000001
512, 562, 4.67402
512, 563, 4.674880000000003
512, 564, 4.672060000000004
512, 565, 4.674780000000002
512, 566, 4.668979999999997
512, 567, 4.66995
512, 568, 4.669130000000003
512, 569, 4.669210000000003
512, 570, 4.665220000000002
512, 571, 4.667829999999999
512, 572, 4.666550000000001
512, 573, 4.66465
512, 574, 4.665359999999998
512, 575, 4.671640000000001
512, 576, 4.671570000000003
512, 577, 4.668399999999999
512, 578, 4.66708
512, 579, 4.667080000000002
512, 580, 4.66445
512, 581, 4.663739999999999
512, 582, 4.663009999999999
512, 583, 4.666569999999999
512, 584, 4.66565
512, 585, 4.664829999999995
512, 586, 4.664649999999998
512, 587, 4.664950000000002
512, 588, 4.664560000000001
512, 589, 4.667370000000001
512, 590, 4.665550000000003
512, 591, 4.667320000000001
512, 592, 4.66503
512, 593, 4.66683
512, 594, 4.66407
512, 595, 4.66682
512, 596, 4.665719999999997
512, 597, 4.665990000000001
512, 598, 4.6667900000000015
512, 599, 4.668249999999998
512, 600, 4.66778
512, 601, 4.669270000000002
512, 602, 4.672179999999996
512, 603, 4.672139999999997
512, 604, 4.673970000000001
512, 605, 4.671969999999999
512, 606, 4.67444
512, 607, 4.671450000000002
512, 608, 4.66783
512, 609, 4.669689999999999
512, 610, 4.668880000000001
512, 611, 4.66793
512, 612, 4.66839
512, 613, 4.66834
512, 614, 4.666500000000003
512, 615, 4.662880000000004
512, 616, 4.66742
512, 617, 4.66261
512, 618, 4.666630000000001
512, 619, 4.663370000000002
512, 620, 4.663900000000001
512, 621, 4.664729999999998
512, 622, 4.666689999999997
512, 623, 4.6674099999999985
512, 624, 4.66638
512, 625, 4.6667900000000015
512, 626, 4.665839999999998
512, 627, 4.665570000000001
512, 628, 4.666079999999998
512, 629, 4.66691
512, 630, 4.6644999999999985
512, 631, 4.66267
512, 632, 4.66614
512, 633, 4.6654599999999995
512, 634, 4.66701
512, 635, 4.666100000000003
512, 636, 4.66704
512, 637, 4.670169999999998
512, 638, 4.668189999999997
512, 639, 4.666489999999999
512, 640, 4.667149999999998
512, 641, 4.66729
512, 642, 4.667390000000002
512, 643, 4.66817
512, 644, 4.667500000000001
512, 645, 4.66871
512, 646, 4.667629999999999
512, 647, 4.667330000000001
512, 648, 4.667680000000001
512, 649, 4.67034
512, 650, 4.673249999999997
512, 651, 4.67182
512, 652, 4.670000000000001
512, 653, 4.6722199999999985
512, 654, 4.673390000000002
512, 655, 4.670549999999995
512, 656, 4.667189999999998
512, 657, 4.667270000000002
512, 658, 4.667350000000001
512, 659, 4.668780000000001
512, 660, 4.668710000000001
512, 661, 4.66171
512, 662, 4.666439999999999
512, 663, 4.663479999999998
512, 664, 4.66598
512, 665, 4.662250000000004
512, 666, 4.661979999999999
512, 667, 4.661319999999999
512, 668, 4.662530000000002
512, 669, 4.66265
512, 670, 4.661999999999999
512, 671, 4.661629999999998
512, 672, 4.665019999999999
512, 673, 4.664919999999999
512, 674, 4.66526
512, 675, 4.6621299999999986
512, 676, 4.6621
512, 677, 4.6628
512, 678, 4.665009999999999
512, 679, 4.66567
512, 680, 4.666519999999999
512, 681, 4.665640000000002
512, 682, 4.668870000000001
512, 683, 4.6699899999999985
512, 684, 4.665919999999998
512, 685, 4.666179999999999
512, 686, 4.669479999999999
512, 687, 4.667410000000002
512, 688, 4.665940000000001
512, 689, 4.665000000000003
512, 690, 4.669050000000002
512, 691, 4.66945
512, 692, 4.6682599999999965
512, 693, 4.668320000000001
512, 694, 4.66951
512, 695, 4.666009999999998
512, 696, 4.66651
512, 697, 4.665470000000004
512, 698, 4.662429999999998
512, 699, 4.668609999999998
512, 700, 4.668029999999997
512, 701, 4.664959999999999
512, 702, 4.663690000000002
512, 703, 4.6631699999999965
512, 704, 4.66157
512, 705, 4.663060000000003
512, 706, 4.66144
512, 707, 4.66454
512, 708, 4.664180000000001
512, 709, 4.665730000000002
512, 710, 4.661510000000001
512, 711, 4.662310000000001
512, 712, 4.662279999999998
512, 713, 4.663199999999997
512, 714, 4.663730000000001
512, 715, 4.662170000000002
512, 716, 4.662960000000001
512, 717, 4.6600199999999985
512, 718, 4.661540000000001
512, 719, 4.664969999999998
512, 720, 4.663309999999999
512, 721, 4.6607499999999975
512, 722, 4.664039999999999
512, 723, 4.666560000000001
512, 724, 4.66709
512, 725, 4.666560000000001
512, 726, 4.667270000000001
512, 727, 4.668220000000002
512, 728, 4.673829999999998
512, 729, 4.671539999999999
512, 730, 4.6706
512, 731, 4.67182
512, 732, 4.67065
512, 733, 4.670410000000001
512, 734, 4.670049999999999
512, 735, 4.664769999999998
512, 736, 4.665850000000001
512, 737, 4.66552
512, 738, 4.6650599999999995
512, 739, 4.663519999999999
512, 740, 4.6658300000000015
512, 741, 4.663300000000001
512, 742, 4.663650000000001
512, 743, 4.657919999999999
512, 744, 4.65954
512, 745, 4.662479999999999
512, 746, 4.665200000000001
512, 747, 4.6661199999999985
512, 748, 4.6629099999999974
512, 749, 4.665540000000003
512, 750, 4.6646199999999975
512, 751, 4.665619999999998
512, 752, 4.666429999999999
512, 753, 4.669620000000001
512, 754, 4.666590000000001
512, 755, 4.66773
512, 756, 4.664439999999999
512, 757, 4.664100000000002
512, 758, 4.66428
512, 759, 4.664100000000001
512, 760, 4.66729
512, 761, 4.665609999999999
512, 762, 4.6657899999999985
512, 763, 4.667250000000001
512, 764, 4.6686200000000015
512, 765, 4.668020000000001
512, 766, 4.665400000000001
512, 767, 4.6668
512, 768, 4.6663
512, 769, 4.66373
512, 770, 4.6672699999999985
512, 771, 4.669309999999999
512, 772, 4.666409999999998
512, 773, 4.665799999999999
512, 774, 4.666570000000003
512, 775, 4.66889
512, 776, 4.664859999999998
512, 777, 4.6648799999999975
512, 778, 4.660969999999999
512, 779, 4.667569999999999
512, 780, 4.666069999999999
512, 781, 4.664229999999998
512, 782, 4.6678799999999985
512, 783, 4.665360000000002
512, 784, 4.665200000000001
512, 785, 4.665829999999997
512, 786, 4.6637400000000016
512, 787, 4.666340000000001
512, 788, 4.664510000000001
512, 789, 4.664130000000002
512, 790, 4.6633299999999975
512, 791, 4.663089999999999
512, 792, 4.661290000000002
512, 793, 4.66301
512, 794, 4.6597800000000005
512, 795, 4.664199999999999
512, 796, 4.660639999999999
512, 797, 4.660549999999999
512, 798, 4.6625499999999995
512, 799, 4.66162
512, 800, 4.667529999999999
512, 801, 4.667079999999998
512, 802, 4.66772
512, 803, 4.664850000000001
512, 804, 4.663700000000001
512, 805, 4.66631
512, 806, 4.668519999999997
512, 807, 4.66635
512, 808, 4.6687
512, 809, 4.665439999999997
512, 810, 4.66621
512, 811, 4.664570000000001
512, 812, 4.667509999999998
512, 813, 4.665629999999999
512, 814, 4.6645400000000015
512, 815, 4.664199999999999
512, 816, 4.666350000000001
512, 817, 4.66772
512, 818, 4.6649199999999995
512, 819, 4.664389999999999
512, 820, 4.667879999999999
512, 821, 4.6669100000000014
512, 822, 4.666360000000001
512, 823, 4.66732
512, 824, 4.6678999999999995
512, 825, 4.6690999999999985
512, 826, 4.666
512, 827, 4.665149999999999
512, 828, 4.66738
512, 829, 4.662660000000001
512, 830, 4.662340000000001
512, 831, 4.659440000000001
512, 832, 4.659440000000003
512, 833, 4.658729999999998
512, 834, 4.66105
512, 835, 4.66528
512, 836, 4.664879999999999
512, 837, 4.6599699999999995
512, 838, 4.66146
512, 839, 4.663859999999999
512, 840, 4.6589399999999985
512, 841, 4.6552700000000025
512, 842, 4.661080000000001
512, 843, 4.661449999999998
512, 844, 4.66122
512, 845, 4.6595
512, 846, 4.66141
512, 847, 4.664090000000001
512, 848, 4.664810000000001
512, 849, 4.664239999999997
512, 850, 4.664220000000002
512, 851, 4.66483
512, 852, 4.664189999999999
512, 853, 4.659970000000001
512, 854, 4.658369999999998
512, 855, 4.656550000000002
512, 856, 4.658559999999998
512, 857, 4.6608100000000015
512, 858, 4.658919999999998
512, 859, 4.65899
512, 860, 4.660909999999999
512, 861, 4.664229999999999
512, 862, 4.666739999999999
512, 863, 4.66488
512, 864, 4.667820000000002
512, 865, 4.667080000000002
512, 866, 4.664659999999998
512, 867, 4.664110000000001
512, 868, 4.6627800000000015
512, 869, 4.6625299999999985
512, 870, 4.664990000000001
512, 871, 4.661910000000004
512, 872, 4.66604
512, 873, 4.662170000000001
512, 874, 4.663029999999999
512, 875, 4.65802
512, 876, 4.663650000000002
512, 877, 4.661280000000001
512, 878, 4.662419999999997
512, 879, 4.6633
512, 880, 4.662020000000003
512, 881, 4.664549999999999
512, 882, 4.664369999999999
512, 883, 4.66386
512, 884, 4.666529999999999
512, 885, 4.663079999999998
512, 886, 4.663069999999999
512, 887, 4.66122
512, 888, 4.66167
512, 889, 4.6620399999999975
512, 890, 4.662929999999998
512, 891, 4.66132
512, 892, 4.6633900000000015
512, 893, 4.662210000000001
512, 894, 4.66196
512, 895, 4.6607
512, 896, 4.65988
512, 897, 4.660269999999998
512, 898, 4.6621700000000015
512, 899, 4.66114
512, 900, 4.661209999999998
512, 901, 4.659719999999998
512, 902, 4.661539999999999
512, 903, 4.660069999999999
512, 904, 4.660239999999999
512, 905, 4.6636299999999995
512, 906, 4.665659999999999
512, 907, 4.663340000000002
512, 908, 4.66537
512, 909, 4.665769999999999
512, 910, 4.665330000000001
512, 911, 4.663910000000001
512, 912, 4.66616
512, 913, 4.662370000000001
512, 914, 4.6594500000000005
512, 915, 4.658010000000004
512, 916, 4.660920000000001
512, 917, 4.664409999999998
512, 918, 4.662400000000001
512, 919, 4.665980000000002
512, 920, 4.663289999999997
512, 921, 4.664000000000002
512, 922, 4.66924
512, 923, 4.67088
512, 924, 4.668090000000002
512, 925, 4.668510000000001
512, 926, 4.669620000000001
512, 927, 4.66534
512, 928, 4.667090000000001
512, 929, 4.664979999999999
512, 930, 4.6663000000000014
512, 931, 4.665700000000002
512, 932, 4.671500000000003
512, 933, 4.67207
512, 934, 4.67267
512, 935, 4.673630000000002
512, 936, 4.67294
512, 937, 4.6716500000000005
512, 938, 4.669919999999997
512, 939, 4.67052
512, 940, 4.673100000000002
512, 941, 4.673099999999997
512, 942, 4.6749399999999985
512, 943, 4.673330000000001
512, 944, 4.6751200000000015
512, 945, 4.676160000000002
512, 946, 4.676539999999998
512, 947, 4.678659999999998
512, 948, 4.675859999999999
512, 949, 4.677560000000001
512, 950, 4.674179999999999
512, 951, 4.67611
512, 952, 4.6752400000000005
512, 953, 4.676490000000001
512, 954, 4.67784
512, 955, 4.67403
512, 956, 4.670719999999998
512, 957, 4.67011
512, 958, 4.674379999999998
512, 959, 4.668709999999999
512, 960, 4.66976
512, 961, 4.671179999999999
512, 962, 4.67311
512, 963, 4.67134
512, 964, 4.66837
512, 965, 4.672870000000003
512, 966, 4.670260000000002
512, 967, 4.6690900000000015
512, 968, 4.672210000000003
512, 969, 4.671319999999996
512, 970, 4.670840000000003
512, 971, 4.670909999999998
512, 972, 4.670810000000001
512, 973, 4.670180000000002
512, 974, 4.673339999999999
512, 975, 4.6715
512, 976, 4.668329999999997
512, 977, 4.667840000000001
512, 978, 4.670519999999998
512, 979, 4.668160000000002
512, 980, 4.6665100000000015
512, 981, 4.66736
512, 982, 4.667719999999999
512, 983, 4.667159999999997
512, 984, 4.667089999999998
512, 985, 4.665520000000002
512, 986, 4.6674299999999995
512, 987, 4.66408
512, 988, 4.664579999999998
512, 989, 4.66563
512, 990, 4.665310000000001
512, 991, 4.667640000000001
512, 992, 4.66545
512, 993, 4.663430000000001
512, 994, 4.664510000000002
512, 995, 4.666500000000001
512, 996, 4.667529999999998
512, 997, 4.666149999999999
512, 998, 4.6710600000000015
512, 999, 4.670500000000002
512, 1000, 4.6741199999999985
512, 1001, 4.66991
512, 1002, 4.667570000000003
512, 1003, 4.668009999999998
512, 1004, 4.668829999999999
512, 1005, 4.664229999999999
512, 1006, 4.667119999999997
512, 1007, 4.667469999999996
512, 1008, 4.669609999999998
512, 1009, 4.675170000000002
512, 1010, 4.67128
512, 1011, 4.669360000000004
512, 1012, 4.6756100000000025
512, 1013, 4.67563
512, 1014, 4.67569
512, 1015, 4.677509999999999
512, 1016, 4.6769
512, 1017, 4.6775
512, 1018, 4.67675
512, 1019, 4.676750000000002
512, 1020, 4.67753
512, 1021, 4.673259999999998
512, 1022, 4.673229999999999
512, 1023, 4.678070000000001
512, 1024, 4.67658
