64, 10, 1.2771499999999998
64, 11, 1.3041000000000003
64, 12, 1.33543
64, 13, 1.35838
64, 14, 1.38344
64, 15, 1.3999000000000004
64, 16, 1.4216399999999998
64, 17, 1.4380999999999995
64, 18, 1.44727
64, 19, 1.4640199999999997
64, 20, 1.47085
64, 21, 1.48286
64, 22, 1.4936299999999993
64, 23, 1.5032299999999994
64, 24, 1.5100299999999993
64, 25, 1.51667
64, 26, 1.52057
64, 27, 1.52375
64, 28, 1.53135
64, 29, 1.53487
64, 30, 1.5391200000000005
64, 31, 1.5412099999999995
64, 32, 1.5455300000000005
64, 33, 1.54795
64, 34, 1.54906
64, 35, 1.5542600000000002
64, 36, 1.55722
64, 37, 1.55682
64, 38, 1.5572300000000003
64, 39, 1.55805
64, 40, 1.55784
64, 41, 1.5615600000000003
64, 42, 1.56134
64, 43, 1.56227
64, 44, 1.5645500000000003
64, 45, 1.5650099999999998
64, 46, 1.5679100000000006
64, 47, 1.5657600000000003
64, 48, 1.56409
64, 49, 1.5666999999999998
64, 50, 1.5701100000000003
64, 51, 1.57271
64, 52, 1.5701899999999998
64, 53, 1.5688700000000002
64, 54, 1.5678800000000006
64, 55, 1.56987
64, 56, 1.5705000000000002
64, 57, 1.56988
64, 58, 1.56811
64, 59, 1.56951
64, 60, 1.5699900000000002
64, 61, 1.5690200000000003
64, 62, 1.5686299999999997
64, 63, 1.56898
64, 64, 1.56676
64, 65, 1.5672200000000003
64, 66, 1.56731
64, 67, 1.57041
64, 68, 1.57204
64, 69, 1.5715900000000003
64, 70, 1.57086
64, 71, 1.5732499999999998
64, 72, 1.5693999999999997
64, 73, 1.5673499999999998
64, 74, 1.5688
64, 75, 1.56656
64, 76, 1.56708
64, 77, 1.5711900000000003
64, 78, 1.57029
64, 79, 1.56884
64, 80, 1.56643
64, 81, 1.56903
64, 82, 1.56818
64, 83, 1.5661800000000003
64, 84, 1.56436
64, 85, 1.56686
64, 86, 1.56754
64, 87, 1.5667999999999997
64, 88, 1.56461
64, 89, 1.5636600000000005
64, 90, 1.5635700000000003
64, 91, 1.56542
64, 92, 1.56049
64, 93, 1.5645000000000007
64, 94, 1.5624199999999997
64, 95, 1.56466
64, 96, 1.5674500000000002
128, 10, 1.2759300000000007
128, 11, 1.3077799999999997
128, 12, 1.3333500000000005
128, 13, 1.3602099999999997
128, 14, 1.38278
128, 15, 1.40469
128, 16, 1.4232300000000007
128, 17, 1.4451000000000005
128, 18, 1.46267
128, 19, 1.47801
128, 20, 1.4938700000000005
128, 21, 1.50831
128, 22, 1.5177899999999998
128, 23, 1.52938
128, 24, 1.54614
128, 25, 1.55924
128, 26, 1.5737899999999998
128, 27, 1.5812099999999993
128, 28, 1.5901399999999997
128, 29, 1.6014
128, 30, 1.6097400000000004
128, 31, 1.61984
128, 32, 1.62687
128, 33, 1.6353
128, 34, 1.64369
128, 35, 1.6523200000000002
128, 36, 1.65682
128, 37, 1.66484
128, 38, 1.66645
128, 39, 1.67493
128, 40, 1.68127
128, 41, 1.68269
128, 42, 1.68694
128, 43, 1.69125
128, 44, 1.6975699999999998
128, 45, 1.7023
128, 46, 1.7045199999999998
128, 47, 1.70669
128, 48, 1.70944
128, 49, 1.71281
128, 50, 1.71827
128, 51, 1.71907
128, 52, 1.72248
128, 53, 1.7259499999999997
128, 54, 1.72879
128, 55, 1.73358
128, 56, 1.73629
128, 57, 1.73277
128, 58, 1.73806
128, 59, 1.74091
128, 60, 1.7428
128, 61, 1.73931
128, 62, 1.74297
128, 63, 1.74633
128, 64, 1.74572
128, 65, 1.74723
128, 66, 1.74769
128, 67, 1.74929
128, 68, 1.74976
128, 69, 1.75199
128, 70, 1.75351
128, 71, 1.75467
128, 72, 1.74932
128, 73, 1.74978
128, 74, 1.74934
128, 75, 1.75436
128, 76, 1.75353
128, 77, 1.75487
128, 78, 1.75622
128, 79, 1.7559
128, 80, 1.75552
128, 81, 1.75842
128, 82, 1.75962
128, 83, 1.75919
128, 84, 1.75738
128, 85, 1.75791
128, 86, 1.75808
128, 87, 1.76123
128, 88, 1.76157
128, 89, 1.75823
128, 90, 1.75976
128, 91, 1.75895
128, 92, 1.75958
128, 93, 1.76117
128, 94, 1.76568
128, 95, 1.76345
128, 96, 1.76396
128, 97, 1.76309
128, 98, 1.76444
128, 99, 1.7628599999999996
128, 100, 1.76099
128, 101, 1.76425
128, 102, 1.76629
128, 103, 1.76551
128, 104, 1.76452
128, 105, 1.76454
128, 106, 1.7655
128, 107, 1.7655099999999997
128, 108, 1.76568
128, 109, 1.76299
128, 110, 1.76531
128, 111, 1.76453
128, 112, 1.76504
128, 113, 1.76464
128, 114, 1.7621300000000002
128, 115, 1.76165
128, 116, 1.76409
128, 117, 1.7606
128, 118, 1.76298
128, 119, 1.76476
128, 120, 1.76054
128, 121, 1.76505
128, 122, 1.76499
128, 123, 1.7646000000000004
128, 124, 1.76319
128, 125, 1.76534
128, 126, 1.76702
128, 127, 1.76348
128, 128, 1.76603
128, 129, 1.76783
128, 130, 1.76745
128, 131, 1.76838
128, 132, 1.76863
128, 133, 1.76895
128, 134, 1.76808
128, 135, 1.76735
128, 136, 1.76846
128, 137, 1.76881
128, 138, 1.76416
128, 139, 1.76273
128, 140, 1.76302
128, 141, 1.76168
128, 142, 1.76021
128, 143, 1.76201
128, 144, 1.76185
128, 145, 1.76063
128, 146, 1.76054
128, 147, 1.76029
128, 148, 1.7614
128, 149, 1.761
128, 150, 1.76542
128, 151, 1.76545
128, 152, 1.7652799999999997
128, 153, 1.76287
128, 154, 1.7643
128, 155, 1.76422
128, 156, 1.76413
128, 157, 1.76379
128, 158, 1.76322
128, 159, 1.76602
128, 160, 1.76209
128, 161, 1.76401
128, 162, 1.76338
128, 163, 1.76726
128, 164, 1.76446
128, 165, 1.76534
128, 166, 1.76016
128, 167, 1.76115
128, 168, 1.76359
128, 169, 1.76374
128, 170, 1.76257
128, 171, 1.76631
128, 172, 1.76234
128, 173, 1.76006
128, 174, 1.76307
128, 175, 1.76193
128, 176, 1.76383
128, 177, 1.7585
128, 178, 1.76163
128, 179, 1.75709
128, 180, 1.75927
128, 181, 1.75889
128, 182, 1.75663
128, 183, 1.759
128, 184, 1.75988
128, 185, 1.76058
128, 186, 1.75958
128, 187, 1.76141
128, 188, 1.76206
128, 189, 1.76426
128, 190, 1.76875
128, 191, 1.76538
128, 192, 1.76351
256, 10, 1.2719200000000004
256, 11, 1.3062300000000007
256, 12, 1.3352500000000003
256, 13, 1.3610800000000005
256, 14, 1.3849800000000005
256, 15, 1.4079499999999994
256, 16, 1.42643
256, 17, 1.44627
256, 18, 1.46364
256, 19, 1.4787400000000004
256, 20, 1.49659
256, 21, 1.5088600000000003
256, 22, 1.52314
256, 23, 1.5376899999999993
256, 24, 1.5492799999999998
256, 25, 1.56112
256, 26, 1.57565
256, 27, 1.58781
256, 28, 1.60035
256, 29, 1.6089600000000004
256, 30, 1.61903
256, 31, 1.63025
256, 32, 1.6399
256, 33, 1.64488
256, 34, 1.65169
256, 35, 1.65943
256, 36, 1.66802
256, 37, 1.67546
256, 38, 1.68361
256, 39, 1.69039
256, 40, 1.69868
256, 41, 1.70793
256, 42, 1.71555
256, 43, 1.7226
256, 44, 1.72795
256, 45, 1.7361999999999997
256, 46, 1.74052
256, 47, 1.74508
256, 48, 1.75398
256, 49, 1.75672
256, 50, 1.76322
256, 51, 1.77103
256, 52, 1.77239
256, 53, 1.77707
256, 54, 1.77964
256, 55, 1.78654
256, 56, 1.79284
256, 57, 1.795
256, 58, 1.80126
256, 59, 1.80503
256, 60, 1.80742
256, 61, 1.8124499999999997
256, 62, 1.81903
256, 63, 1.81597
256, 64, 1.82442
256, 65, 1.82687
256, 66, 1.83138
256, 67, 1.8361
256, 68, 1.83878
256, 69, 1.84485
256, 70, 1.84976
256, 71, 1.84953
256, 72, 1.85671
256, 73, 1.85583
256, 74, 1.85959
256, 75, 1.86261
256, 76, 1.86455
256, 77, 1.86855
256, 78, 1.86701
256, 79, 1.87241
256, 80, 1.87721
256, 81, 1.88027
256, 82, 1.88182
256, 83, 1.88532
256, 84, 1.88287
256, 85, 1.8857
256, 86, 1.88708
256, 87, 1.8903
256, 88, 1.89241
256, 89, 1.89235
256, 90, 1.89362
256, 91, 1.89458
256, 92, 1.90063
256, 93, 1.89984
256, 94, 1.89985
256, 95, 1.90488
256, 96, 1.90997
256, 97, 1.90808
256, 98, 1.90946
256, 99, 1.90971
256, 100, 1.91437
256, 101, 1.91735
256, 102, 1.91501
256, 103, 1.91998
256, 104, 1.91978
256, 105, 1.92175
256, 106, 1.92066
256, 107, 1.92122
256, 108, 1.92382
256, 109, 1.92516
256, 110, 1.92455
256, 111, 1.92716
256, 112, 1.92991
256, 113, 1.92746
256, 114, 1.92733
256, 115, 1.92704
256, 116, 1.9281
256, 117, 1.93045
256, 118, 1.93384
256, 119, 1.93161
256, 120, 1.93408
256, 121, 1.93784
256, 122, 1.93652
256, 123, 1.93639
256, 124, 1.93148
256, 125, 1.93754
256, 126, 1.93867
256, 127, 1.94178
256, 128, 1.9396
256, 129, 1.9391
256, 130, 1.94058
256, 131, 1.94073
256, 132, 1.94029
256, 133, 1.94409
256, 134, 1.94758
256, 135, 1.94418
256, 136, 1.94535
256, 137, 1.94485
256, 138, 1.94447
256, 139, 1.94466
256, 140, 1.94645
256, 141, 1.94837
256, 142, 1.95025
256, 143, 1.95143
256, 144, 1.95399
256, 145, 1.95075
256, 146, 1.94544
256, 147, 1.94503
256, 148, 1.94666
256, 149, 1.94515
256, 150, 1.94589
256, 151, 1.94388
256, 152, 1.94873
256, 153, 1.94854
256, 154, 1.94863
256, 155, 1.94912
256, 156, 1.94816
256, 157, 1.94887
256, 158, 1.94648
256, 159, 1.94796
256, 160, 1.95037
256, 161, 1.94841
256, 162, 1.94868
256, 163, 1.9506
256, 164, 1.95139
256, 165, 1.95188
256, 166, 1.95547
256, 167, 1.95048
256, 168, 1.95279
256, 169, 1.95234
256, 170, 1.95206
256, 171, 1.95409
256, 172, 1.95549
256, 173, 1.95107
256, 174, 1.95057
256, 175, 1.95426
256, 176, 1.95264
256, 177, 1.95211
256, 178, 1.95257
256, 179, 1.95275
256, 180, 1.95086
256, 181, 1.95402
256, 182, 1.95182
256, 183, 1.95481
256, 184, 1.95527
256, 185, 1.9525
256, 186, 1.95276
256, 187, 1.95386
256, 188, 1.95033
256, 189, 1.95445
256, 190, 1.95461
256, 191, 1.95455
256, 192, 1.95421
256, 193, 1.95537
256, 194, 1.95709
256, 195, 1.95703
256, 196, 1.95556
256, 197, 1.95295
256, 198, 1.9574
256, 199, 1.9559
256, 200, 1.95577
256, 201, 1.95831
256, 202, 1.95849
256, 203, 1.95617
256, 204, 1.95811
256, 205, 1.95569
256, 206, 1.95607
256, 207, 1.95747
256, 208, 1.95636
256, 209, 1.95612
256, 210, 1.95613
256, 211, 1.95323
256, 212, 1.95627
256, 213, 1.95641
256, 214, 1.95611
256, 215, 1.95534
256, 216, 1.95609
256, 217, 1.95602
256, 218, 1.95785
256, 219, 1.95721
256, 220, 1.95701
256, 221, 1.95779
256, 222, 1.95602
256, 223, 1.95644
256, 224, 1.95616
256, 225, 1.95605
256, 226, 1.95663
256, 227, 1.95548
256, 228, 1.95482
256, 229, 1.95574
256, 230, 1.95396
256, 231, 1.95697
256, 232, 1.9576
256, 233, 1.95571
256, 234, 1.9566
256, 235, 1.95405
256, 236, 1.95423
256, 237, 1.95335
256, 238, 1.95401
256, 239, 1.95148
256, 240, 1.95236
256, 241, 1.95449
256, 242, 1.95164
256, 243, 1.95395
256, 244, 1.95452
256, 245, 1.95565
256, 246, 1.95482
256, 247, 1.9562
256, 248, 1.95439
256, 249, 1.95568
256, 250, 1.95869
256, 251, 1.9604
256, 252, 1.96155
256, 253, 1.95472
256, 254, 1.9563
256, 255, 1.95486
256, 256, 1.95648
256, 257, 1.95649
256, 258, 1.95816
256, 259, 1.95802
256, 260, 1.9559
256, 261, 1.95644
256, 262, 1.95995
256, 263, 1.95645
256, 264, 1.95272
256, 265, 1.95246
256, 266, 1.95643
256, 267, 1.95795
256, 268, 1.9569
256, 269, 1.95483
256, 270, 1.95209
256, 271, 1.95539
256, 272, 1.95234
256, 273, 1.95213
256, 274, 1.95431
256, 275, 1.95436
256, 276, 1.95407
256, 277, 1.96092
256, 278, 1.95971
256, 279, 1.95705
256, 280, 1.95447
256, 281, 1.95549
256, 282, 1.9529
256, 283, 1.95318
256, 284, 1.95598
256, 285, 1.9586
256, 286, 1.95383
256, 287, 1.95646
256, 288, 1.95916
256, 289, 1.9589
256, 290, 1.95966
256, 291, 1.9573
256, 292, 1.95412
256, 293, 1.95351
256, 294, 1.95351
256, 295, 1.95311
256, 296, 1.95332
256, 297, 1.95547
256, 298, 1.9562
256, 299, 1.95348
256, 300, 1.95465
256, 301, 1.95605
256, 302, 1.95606
256, 303, 1.95834
256, 304, 1.95882
256, 305, 1.95726
256, 306, 1.96038
256, 307, 1.95794
256, 308, 1.95644
256, 309, 1.95746
256, 310, 1.95824
256, 311, 1.95794
256, 312, 1.9583
256, 313, 1.95788
256, 314, 1.95963
256, 315, 1.95542
256, 316, 1.96221
256, 317, 1.96124
256, 318, 1.95668
256, 319, 1.95773
256, 320, 1.95813
256, 321, 1.9562
256, 322, 1.95526
256, 323, 1.95452
256, 324, 1.95507
256, 325, 1.95725
256, 326, 1.95398
256, 327, 1.95708
256, 328, 1.95701
256, 329, 1.95661
256, 330, 1.95193
256, 331, 1.95632
256, 332, 1.95745
256, 333, 1.95507
256, 334, 1.95531
256, 335, 1.95741
256, 336, 1.96032
256, 337, 1.95854
256, 338, 1.95729
256, 339, 1.95537
256, 340, 1.9561
256, 341, 1.95738
256, 342, 1.95509
256, 343, 1.95651
256, 344, 1.95672
256, 345, 1.95757
256, 346, 1.96138
256, 347, 1.95952
256, 348, 1.95669
256, 349, 1.96
256, 350, 1.96143
256, 351, 1.96139
256, 352, 1.95942
256, 353, 1.95896
256, 354, 1.95778
256, 355, 1.9592
256, 356, 1.95592
256, 357, 1.95326
256, 358, 1.95499
256, 359, 1.95467
256, 360, 1.95639
256, 361, 1.95685
256, 362, 1.9565
256, 363, 1.95658
256, 364, 1.95505
256, 365, 1.95353
256, 366, 1.95797
256, 367, 1.95951
256, 368, 1.95578
256, 369, 1.95621
256, 370, 1.9594
256, 371, 1.95945
256, 372, 1.95994
256, 373, 1.95887
256, 374, 1.95787
256, 375, 1.9551
256, 376, 1.95578
256, 377, 1.9565
256, 378, 1.95701
256, 379, 1.95487
256, 380, 1.95828
256, 381, 1.9582
256, 382, 1.95673
256, 383, 1.95642
256, 384, 1.95762
512, 10, 1.2765399999999996
512, 11, 1.30831
512, 12, 1.3382700000000005
512, 13, 1.3644700000000005
512, 14, 1.3877600000000005
512, 15, 1.40902
512, 16, 1.4264700000000006
512, 17, 1.4441700000000004
512, 18, 1.46431
512, 19, 1.47869
512, 20, 1.4949600000000003
512, 21, 1.50604
512, 22, 1.5237
512, 23, 1.53371
512, 24, 1.5480800000000003
512, 25, 1.56433
512, 26, 1.5753
512, 27, 1.58723
512, 28, 1.59564
512, 29, 1.60402
512, 30, 1.61481
512, 31, 1.62414
512, 32, 1.6328400000000003
512, 33, 1.64286
512, 34, 1.6493
512, 35, 1.65767
512, 36, 1.66672
512, 37, 1.67716
512, 38, 1.68276
512, 39, 1.6913400000000003
512, 40, 1.69698
512, 41, 1.70661
512, 42, 1.71208
512, 43, 1.71818
512, 44, 1.7276
512, 45, 1.73526
512, 46, 1.7399199999999997
512, 47, 1.74631
512, 48, 1.75308
512, 49, 1.76136
512, 50, 1.76133
512, 51, 1.76891
512, 52, 1.7744300000000004
512, 53, 1.7823
512, 54, 1.79012
512, 55, 1.79315
512, 56, 1.7966
512, 57, 1.80111
512, 58, 1.80403
512, 59, 1.8094
512, 60, 1.81637
512, 61, 1.81962
512, 62, 1.82657
512, 63, 1.83135
512, 64, 1.83658
512, 65, 1.8397
512, 66, 1.84604
512, 67, 1.84767
512, 68, 1.85069
512, 69, 1.85687
512, 70, 1.86003
512, 71, 1.86626
512, 72, 1.86662
512, 73, 1.87119
512, 74, 1.87424
512, 75, 1.87981
512, 76, 1.88433
512, 77, 1.88723
512, 78, 1.89236
512, 79, 1.89816
512, 80, 1.90035
512, 81, 1.90073
512, 82, 1.90519
512, 83, 1.90693
512, 84, 1.90961
512, 85, 1.91235
512, 86, 1.91604
512, 87, 1.91794
512, 88, 1.92253
512, 89, 1.92951
512, 90, 1.9328
512, 91, 1.93419
512, 92, 1.93371
512, 93, 1.93898
512, 94, 1.943
512, 95, 1.94546
512, 96, 1.94806
512, 97, 1.94767
512, 98, 1.95448
512, 99, 1.95434
512, 100, 1.95692
512, 101, 1.95875
512, 102, 1.96413
512, 103, 1.96752
512, 104, 1.96861
512, 105, 1.9695
512, 106, 1.97433
512, 107, 1.97932
512, 108, 1.97765
512, 109, 1.9793
512, 110, 1.98138
512, 111, 1.9839
512, 112, 1.98827
512, 113, 1.99333
512, 114, 1.99496
512, 115, 1.9954
512, 116, 2.0013599999999996
512, 117, 2.000459999999998
512, 118, 2.0017700000000005
512, 119, 2.001809999999999
512, 120, 2.0070099999999984
512, 121, 2.00722
512, 122, 2.0095600000000005
512, 123, 2.0104000000000006
512, 124, 2.011990000000002
512, 125, 2.014380000000001
512, 126, 2.0178200000000004
512, 127, 2.0197299999999987
512, 128, 2.0198200000000006
512, 129, 2.025500000000001
512, 130, 2.0256300000000005
512, 131, 2.0291900000000007
512, 132, 2.0270699999999993
512, 133, 2.0318799999999997
512, 134, 2.0302999999999995
512, 135, 2.02951
512, 136, 2.0331400000000017
512, 137, 2.03229
512, 138, 2.036459999999998
512, 139, 2.03821
512, 140, 2.044459999999999
512, 141, 2.0429099999999996
512, 142, 2.0443499999999992
512, 143, 2.0484700000000005
512, 144, 2.0494699999999986
512, 145, 2.0482099999999996
512, 146, 2.0528599999999986
512, 147, 2.0507999999999993
512, 148, 2.0545399999999994
512, 149, 2.0549099999999996
512, 150, 2.0550199999999994
512, 151, 2.0565500000000005
512, 152, 2.0557200000000004
512, 153, 2.0571800000000002
512, 154, 2.060700000000002
512, 155, 2.061020000000001
512, 156, 2.0645100000000007
512, 157, 2.0683100000000003
512, 158, 2.07203
512, 159, 2.0688099999999996
512, 160, 2.0724099999999988
512, 161, 2.07733
512, 162, 2.0760099999999997
512, 163, 2.07684
512, 164, 2.07841
512, 165, 2.0780300000000005
512, 166, 2.0755999999999992
512, 167, 2.0807099999999994
512, 168, 2.08012
512, 169, 2.0842400000000003
512, 170, 2.0872699999999984
512, 171, 2.0869000000000004
512, 172, 2.0883399999999988
512, 173, 2.086739999999999
512, 174, 2.0861199999999993
512, 175, 2.085220000000001
512, 176, 2.0889100000000007
512, 177, 2.08864
512, 178, 2.08955
512, 179, 2.0919999999999983
512, 180, 2.095130000000001
512, 181, 2.097190000000002
512, 182, 2.0990299999999995
512, 183, 2.09556
512, 184, 2.09384
512, 185, 2.09421
512, 186, 2.0958199999999994
512, 187, 2.09894
512, 188, 2.1001199999999995
512, 189, 2.1039199999999987
512, 190, 2.1010399999999994
512, 191, 2.10198
512, 192, 2.1008599999999995
512, 193, 2.10219
512, 194, 2.1017100000000006
512, 195, 2.1032399999999996
512, 196, 2.10557
512, 197, 2.103709999999999
512, 198, 2.106489999999999
512, 199, 2.1097
512, 200, 2.104860000000001
512, 201, 2.1077
512, 202, 2.1093900000000008
512, 203, 2.109950000000001
512, 204, 2.1117999999999992
512, 205, 2.113090000000001
512, 206, 2.1152999999999995
512, 207, 2.116270000000001
512, 208, 2.1115899999999987
512, 209, 2.1123499999999993
512, 210, 2.1111099999999996
512, 211, 2.113279999999999
512, 212, 2.1152599999999997
512, 213, 2.1139400000000004
512, 214, 2.1185500000000004
512, 215, 2.115469999999999
512, 216, 2.116049999999999
512, 217, 2.1189699999999996
512, 218, 2.1195700000000004
512, 219, 2.1178199999999996
512, 220, 2.1213300000000004
512, 221, 2.1207999999999996
512, 222, 2.120980000000001
512, 223, 2.12108
512, 224, 2.11968
512, 225, 2.12396
512, 226, 2.12347
512, 227, 2.12219
512, 228, 2.12084
512, 229, 2.1254200000000005
512, 230, 2.1281999999999988
512, 231, 2.127
512, 232, 2.1274
512, 233, 2.128669999999999
512, 234, 2.1255400000000004
512, 235, 2.1287900000000004
512, 236, 2.1279900000000005
512, 237, 2.127549999999999
512, 238, 2.128709999999998
512, 239, 2.1311500000000008
512, 240, 2.131489999999999
512, 241, 2.130029999999999
512, 242, 2.130580000000001
512, 243, 2.127020000000001
512, 244, 2.12889
512, 245, 2.1282599999999996
512, 246, 2.128289999999998
512, 247, 2.1268000000000007
512, 248, 2.1301699999999983
512, 249, 2.1317099999999995
512, 250, 2.132380000000001
512, 251, 2.132099999999999
512, 252, 2.1323300000000014
512, 253, 2.1334100000000005
512, 254, 2.1333999999999995
512, 255, 2.13282
512, 256, 2.1326200000000015
512, 257, 2.13003
512, 258, 2.130019999999999
512, 259, 2.130700000000001
512, 260, 2.132200000000001
512, 261, 2.132410000000002
512, 262, 2.13643
512, 263, 2.1320399999999995
512, 264, 2.13494
512, 265, 2.1393700000000004
512, 266, 2.1363300000000014
512, 267, 2.1323599999999994
512, 268, 2.1342200000000013
512, 269, 2.13133
512, 270, 2.13142
512, 271, 2.1326399999999994
512, 272, 2.13339
512, 273, 2.136849999999999
512, 274, 2.136929999999999
512, 275, 2.1350200000000004
512, 276, 2.1342000000000008
512, 277, 2.13649
512, 278, 2.1358900000000003
512, 279, 2.1407399999999996
512, 280, 2.14062
512, 281, 2.139619999999999
512, 282, 2.1389299999999993
512, 283, 2.1384299999999996
512, 284, 2.1389300000000007
512, 285, 2.139639999999999
512, 286, 2.1366400000000008
512, 287, 2.1384399999999992
512, 288, 2.1374399999999993
512, 289, 2.1359999999999983
512, 290, 2.1383200000000007
512, 291, 2.1391700000000005
512, 292, 2.1433600000000004
512, 293, 2.1412899999999992
512, 294, 2.1420500000000016
512, 295, 2.1418
512, 296, 2.14265
512, 297, 2.1447899999999995
512, 298, 2.1448600000000004
512, 299, 2.144069999999999
512, 300, 2.144470000000001
512, 301, 2.1428199999999995
512, 302, 2.1441399999999997
512, 303, 2.1468299999999996
512, 304, 2.14557
512, 305, 2.1459999999999995
512, 306, 2.1443199999999996
512, 307, 2.14239
512, 308, 2.144890000000001
512, 309, 2.1457499999999987
512, 310, 2.1436900000000008
512, 311, 2.1431300000000006
512, 312, 2.1458600000000003
512, 313, 2.145129999999999
512, 314, 2.1428600000000007
512, 315, 2.143689999999998
512, 316, 2.14608
512, 317, 2.141919999999998
512, 318, 2.1416300000000015
512, 319, 2.1459500000000014
512, 320, 2.14556
512, 321, 2.1459099999999993
512, 322, 2.1466400000000005
512, 323, 2.1460600000000003
512, 324, 2.1446600000000005
512, 325, 2.1474299999999995
512, 326, 2.143850000000001
512, 327, 2.147479999999999
512, 328, 2.1450099999999983
512, 329, 2.1462799999999995
512, 330, 2.1459900000000007
512, 331, 2.144770000000001
512, 332, 2.14293
512, 333, 2.1436699999999993
512, 334, 2.146479999999999
512, 335, 2.1442699999999992
512, 336, 2.1462400000000024
512, 337, 2.1482600000000005
512, 338, 2.1508900000000004
512, 339, 2.14745
512, 340, 2.148150000000001
512, 341, 2.1436300000000004
512, 342, 2.1456299999999993
512, 343, 2.1486399999999994
512, 344, 2.1517199999999996
512, 345, 2.1491
512, 346, 2.144769999999999
512, 347, 2.148270000000002
512, 348, 2.145
512, 349, 2.1459300000000017
512, 350, 2.143579999999999
512, 351, 2.1484100000000024
512, 352, 2.1465600000000027
512, 353, 2.1498699999999995
512, 354, 2.1485699999999985
512, 355, 2.147190000000001
512, 356, 2.147139999999998
512, 357, 2.1476200000000008
512, 358, 2.1488800000000015
512, 359, 2.1474000000000006
512, 360, 2.1478999999999995
512, 361, 2.1510200000000004
512, 362, 2.14803
512, 363, 2.149060000000001
512, 364, 2.151390000000001
512, 365, 2.1457599999999992
512, 366, 2.149220000000002
512, 367, 2.14808
512, 368, 2.150609999999999
512, 369, 2.1536500000000003
512, 370, 2.153199999999999
512, 371, 2.1531700000000007
512, 372, 2.152460000000001
512, 373, 2.1515600000000004
512, 374, 2.15003
512, 375, 2.1481099999999995
512, 376, 2.1470800000000003
512, 377, 2.14686
512, 378, 2.1476100000000007
512, 379, 2.1472100000000007
512, 380, 2.14504
512, 381, 2.1449100000000008
512, 382, 2.1474499999999996
512, 383, 2.1474900000000017
512, 384, 2.1500299999999983
512, 385, 2.148270000000002
512, 386, 2.1486400000000003
512, 387, 2.147590000000001
512, 388, 2.149979999999999
512, 389, 2.1476599999999983
512, 390, 2.147209999999999
512, 391, 2.1497600000000006
512, 392, 2.14896
512, 393, 2.1497400000000004
512, 394, 2.1494600000000004
512, 395, 2.149760000000001
512, 396, 2.150170000000001
512, 397, 2.14801
512, 398, 2.149719999999999
512, 399, 2.1517500000000016
512, 400, 2.1514800000000016
512, 401, 2.1520499999999996
512, 402, 2.15191
512, 403, 2.1528400000000008
512, 404, 2.15173
512, 405, 2.1522700000000006
512, 406, 2.14739
512, 407, 2.1496500000000007
512, 408, 2.1486099999999992
512, 409, 2.1497400000000004
512, 410, 2.1495399999999996
512, 411, 2.14808
512, 412, 2.14915
512, 413, 2.1488899999999993
512, 414, 2.1515500000000007
512, 415, 2.1480000000000006
512, 416, 2.1490199999999997
512, 417, 2.1491200000000004
512, 418, 2.14875
512, 419, 2.1465499999999986
512, 420, 2.1457099999999993
512, 421, 2.1487299999999996
512, 422, 2.1505199999999998
512, 423, 2.150169999999998
512, 424, 2.150360000000001
512, 425, 2.148779999999999
512, 426, 2.1496700000000004
512, 427, 2.1466700000000007
512, 428, 2.1492099999999996
512, 429, 2.1492100000000005
512, 430, 2.1468099999999994
512, 431, 2.1507000000000005
512, 432, 2.15061
512, 433, 2.1492999999999993
512, 434, 2.150299999999999
512, 435, 2.150240000000001
512, 436, 2.1508200000000004
512, 437, 2.1548800000000012
512, 438, 2.15378
512, 439, 2.1499699999999993
512, 440, 2.15375
512, 441, 2.1567900000000004
512, 442, 2.15379
512, 443, 2.152240000000001
512, 444, 2.1538400000000006
512, 445, 2.1535100000000003
512, 446, 2.1508300000000014
512, 447, 2.14964
512, 448, 2.15193
512, 449, 2.15186
512, 450, 2.15392
512, 451, 2.1524899999999985
512, 452, 2.153050000000001
512, 453, 2.1518000000000006
512, 454, 2.149009999999999
512, 455, 2.14847
512, 456, 2.1485000000000007
512, 457, 2.151670000000001
512, 458, 2.1471000000000005
512, 459, 2.1473400000000016
512, 460, 2.14855
512, 461, 2.1529800000000012
512, 462, 2.1502299999999988
512, 463, 2.15092
512, 464, 2.151379999999999
512, 465, 2.1494200000000006
512, 466, 2.1487300000000014
512, 467, 2.1486400000000008
512, 468, 2.147309999999999
512, 469, 2.1515099999999996
512, 470, 2.15112
512, 471, 2.1543599999999987
512, 472, 2.155620000000001
512, 473, 2.1516099999999976
512, 474, 2.1548
512, 475, 2.15126
512, 476, 2.149880000000001
512, 477, 2.1522899999999994
512, 478, 2.1508599999999993
512, 479, 2.1505099999999997
512, 480, 2.1507600000000004
512, 481, 2.1505799999999993
512, 482, 2.148710000000001
512, 483, 2.1510699999999994
512, 484, 2.1486799999999993
512, 485, 2.1505199999999993
512, 486, 2.1511699999999996
512, 487, 2.15024
512, 488, 2.15277
512, 489, 2.152489999999998
512, 490, 2.1500900000000005
512, 491, 2.1491900000000004
512, 492, 2.1496400000000007
512, 493, 2.1468199999999995
512, 494, 2.15133
512, 495, 2.1528400000000008
512, 496, 2.1538499999999985
512, 497, 2.1528400000000016
512, 498, 2.1515499999999994
512, 499, 2.15269
512, 500, 2.1529899999999995
512, 501, 2.1508199999999986
512, 502, 2.1501
512, 503, 2.1496999999999993
512, 504, 2.1485600000000002
512, 505, 2.1503700000000006
512, 506, 2.1520000000000006
512, 507, 2.152580000000001
512, 508, 2.15237
512, 509, 2.1531199999999995
512, 510, 2.1474399999999996
512, 511, 2.147609999999999
512, 512, 2.1504199999999987
512, 513, 2.1505499999999995
512, 514, 2.1502299999999988
512, 515, 2.1499
512, 516, 2.14504
512, 517, 2.1470599999999984
512, 518, 2.1490899999999984
512, 519, 2.14849
512, 520, 2.15084
512, 521, 2.1485499999999997
512, 522, 2.1515700000000004
512, 523, 2.1499200000000003
512, 524, 2.1496099999999996
512, 525, 2.146160000000001
512, 526, 2.15058
512, 527, 2.15119
512, 528, 2.1533000000000007
512, 529, 2.14854
512, 530, 2.151009999999999
512, 531, 2.149999999999999
512, 532, 2.145620000000001
512, 533, 2.1473900000000015
512, 534, 2.1491000000000007
512, 535, 2.146370000000001
512, 536, 2.147659999999999
512, 537, 2.149259999999998
512, 538, 2.152099999999999
512, 539, 2.15177
512, 540, 2.1531300000000004
512, 541, 2.1538999999999993
512, 542, 2.153390000000001
512, 543, 2.1547899999999984
512, 544, 2.14999
512, 545, 2.1489300000000005
512, 546, 2.1506400000000006
512, 547, 2.1514700000000007
512, 548, 2.1532599999999995
512, 549, 2.1519199999999996
512, 550, 2.150969999999999
512, 551, 2.1510299999999996
512, 552, 2.148580000000001
512, 553, 2.148070000000002
512, 554, 2.1471899999999993
512, 555, 2.144629999999999
512, 556, 2.146570000000001
512, 557, 2.1489999999999996
512, 558, 2.1491800000000008
512, 559, 2.1510199999999995
512, 560, 2.146079999999999
512, 561, 2.1469100000000014
512, 562, 2.1454700000000013
512, 563, 2.146339999999999
512, 564, 2.14772
512, 565, 2.1478800000000007
512, 566, 2.1506999999999987
512, 567, 2.1498800000000005
512, 568, 2.1528099999999992
512, 569, 2.152359999999997
512, 570, 2.1536799999999996
512, 571, 2.150409999999999
512, 572, 2.1486500000000013
512, 573, 2.14778
512, 574, 2.1495300000000004
512, 575, 2.15169
512, 576, 2.15064
512, 577, 2.1470400000000005
512, 578, 2.148239999999999
512, 579, 2.1490300000000016
512, 580, 2.148579999999999
512, 581, 2.14914
512, 582, 2.14824
512, 583, 2.1508799999999995
512, 584, 2.150150000000001
512, 585, 2.1502600000000016
512, 586, 2.148919999999998
512, 587, 2.150010000000001
512, 588, 2.1504500000000006
512, 589, 2.1513599999999995
512, 590, 2.150439999999999
512, 591, 2.149880000000001
512, 592, 2.1528999999999994
512, 593, 2.1508299999999982
512, 594, 2.1505499999999977
512, 595, 2.1487200000000013
512, 596, 2.1472399999999996
512, 597, 2.1456
512, 598, 2.1506200000000013
512, 599, 2.1493900000000012
512, 600, 2.151410000000001
512, 601, 2.1484899999999993
512, 602, 2.1480799999999993
512, 603, 2.145339999999999
512, 604, 2.1505200000000007
512, 605, 2.1501100000000006
512, 606, 2.14911
512, 607, 2.150829999999999
512, 608, 2.1501400000000004
512, 609, 2.1469199999999997
512, 610, 2.1470000000000007
512, 611, 2.1489
512, 612, 2.14864
512, 613, 2.1520099999999998
512, 614, 2.1509700000000005
512, 615, 2.148629999999999
512, 616, 2.151020000000001
512, 617, 2.14887
512, 618, 2.1504700000000017
512, 619, 2.149930000000001
512, 620, 2.15371
512, 621, 2.15331
512, 622, 2.1532199999999997
512, 623, 2.1472500000000014
512, 624, 2.14986
512, 625, 2.1484600000000014
512, 626, 2.1463300000000007
512, 627, 2.1501200000000007
512, 628, 2.1536699999999995
512, 629, 2.1528600000000004
512, 630, 2.15105
512, 631, 2.14511
512, 632, 2.1487899999999995
512, 633, 2.1502099999999995
512, 634, 2.1517699999999995
512, 635, 2.15419
512, 636, 2.1524
512, 637, 2.1532900000000006
512, 638, 2.1539500000000014
512, 639, 2.1523099999999995
512, 640, 2.154540000000001
512, 641, 2.1540700000000004
512, 642, 2.150809999999999
512, 643, 2.1496200000000005
512, 644, 2.1514699999999998
512, 645, 2.15269
512, 646, 2.1518500000000014
512, 647, 2.1530600000000004
512, 648, 2.1528899999999997
512, 649, 2.152880000000001
512, 650, 2.1528999999999994
512, 651, 2.1475100000000014
512, 652, 2.147940000000001
512, 653, 2.150839999999999
512, 654, 2.1506600000000007
512, 655, 2.14897
512, 656, 2.1463199999999985
512, 657, 2.146899999999999
512, 658, 2.1449499999999992
512, 659, 2.146009999999999
512, 660, 2.1464299999999996
512, 661, 2.14613
512, 662, 2.1491900000000004
512, 663, 2.149869999999998
512, 664, 2.1499800000000002
512, 665, 2.1493399999999996
512, 666, 2.1482500000000013
512, 667, 2.15086
512, 668, 2.1506300000000005
512, 669, 2.152720000000001
512, 670, 2.1496300000000006
512, 671, 2.1479999999999992
512, 672, 2.148190000000002
512, 673, 2.1505100000000006
512, 674, 2.1511499999999995
512, 675, 2.14917
512, 676, 2.15008
512, 677, 2.1506199999999995
512, 678, 2.15012
512, 679, 2.14889
512, 680, 2.14922
512, 681, 2.1499399999999995
512, 682, 2.1505
512, 683, 2.148369999999999
512, 684, 2.14927
512, 685, 2.1495800000000007
512, 686, 2.151190000000001
512, 687, 2.147399999999999
512, 688, 2.148750000000001
512, 689, 2.1507000000000005
512, 690, 2.1478999999999995
512, 691, 2.1502600000000007
512, 692, 2.1515099999999987
512, 693, 2.15061
512, 694, 2.1492500000000008
512, 695, 2.15014
512, 696, 2.1488599999999995
512, 697, 2.1483499999999993
512, 698, 2.145839999999999
512, 699, 2.152909999999999
512, 700, 2.1504999999999996
512, 701, 2.1503600000000005
512, 702, 2.147900000000001
512, 703, 2.148959999999999
512, 704, 2.151009999999999
512, 705, 2.150849999999999
512, 706, 2.1498100000000013
512, 707, 2.1505499999999995
512, 708, 2.1500799999999987
512, 709, 2.1512299999999995
512, 710, 2.1470899999999995
512, 711, 2.145849999999999
512, 712, 2.1490400000000007
512, 713, 2.147119999999999
512, 714, 2.1492500000000003
512, 715, 2.15078
512, 716, 2.15315
512, 717, 2.1567600000000007
512, 718, 2.154939999999999
512, 719, 2.1540899999999996
512, 720, 2.1541800000000006
512, 721, 2.155930000000001
512, 722, 2.1522200000000002
512, 723, 2.1523899999999982
512, 724, 2.152509999999999
512, 725, 2.1513999999999984
512, 726, 2.1504899999999996
512, 727, 2.1498199999999996
512, 728, 2.1520500000000005
512, 729, 2.1554100000000016
512, 730, 2.1511300000000007
512, 731, 2.151600000000001
512, 732, 2.1516900000000008
512, 733, 2.1532100000000005
512, 734, 2.152159999999999
512, 735, 2.1523099999999995
512, 736, 2.152689999999999
512, 737, 2.15564
512, 738, 2.15172
512, 739, 2.1519500000000007
512, 740, 2.151319999999999
512, 741, 2.1502099999999995
512, 742, 2.1526799999999997
512, 743, 2.150469999999998
512, 744, 2.14841
512, 745, 2.1475299999999993
512, 746, 2.1486199999999998
512, 747, 2.1490999999999993
512, 748, 2.1487899999999986
512, 749, 2.1497200000000007
512, 750, 2.15058
512, 751, 2.1525199999999987
512, 752, 2.15295
512, 753, 2.1540399999999984
512, 754, 2.1538999999999997
512, 755, 2.151130000000001
512, 756, 2.1487699999999994
512, 757, 2.1495
512, 758, 2.149270000000002
512, 759, 2.1508999999999996
512, 760, 2.1552400000000014
512, 761, 2.15248
512, 762, 2.1519100000000004
512, 763, 2.15009
512, 764, 2.1505599999999996
512, 765, 2.1502199999999996
512, 766, 2.1511199999999984
512, 767, 2.1496099999999996
512, 768, 2.1518099999999993
